configuration,numerical_boundary_s,method,scenario,seed,headway_s,budget_attempts_per_sample,strategy,ablation,loss_probability,burst_persistence,maximum_delay_steps,gap_rmse_m,speed_rmse_mps,lateral_rmse_m,jerk_rms_mps3,minimum_safe_margin_m,minimum_friction_reserve_fraction,friction_reserve_p05_fraction,low_friction_reserve_time_fraction,attempted_packets,delivered_packets,occupied_slots,attempts_per_vehicle_km,delivery_ratio,computation_p95_ms,computation_max_ms,combined_tracking_score,combined_tracking_score_definition,collision
Full method,2.52880582865884,Proposed,near_boundary,6101,2.65,2,aware,none,0.65,0.92,5,1.3856335214652185,3.6969858069201442,0.1470240897064081,1.5278052690363915,4.309658196057725,0.0,0.0,0.07122507122507123,700,45,700,185.3070820775023,0.06428571428571428,1.2571999999999584,63.78449999999969,10.927018702606356,(gap/tau_g)^2+(speed/tau_v)^2+(lateral/tau_y)^2,False
Full method,2.52880582865884,Proposed,near_boundary,6102,2.65,2,aware,none,0.65,0.92,5,1.3993003864975813,3.714199814059348,0.14718661653550846,1.48586938794271,4.309658196057725,0.0,0.0,0.07122507122507123,700,36,700,185.30778793621494,0.05142857142857143,1.153149999999492,61.34920000000044,11.060968591512717,(gap/tau_g)^2+(speed/tau_v)^2+(lateral/tau_y)^2,False
Full method,2.52880582865884,Proposed,near_boundary,6103,2.65,2,aware,none,0.65,0.92,5,1.3958181519380957,3.711956107533823,0.14671410606860444,1.429169539531977,4.309658196057725,0.0,0.0,0.07122507122507123,700,57,700,185.523278388483,0.08142857142857143,1.145900000000033,56.68980000000001,11.031692163054407,(gap/tau_g)^2+(speed/tau_v)^2+(lateral/tau_y)^2,False
Full method,2.52880582865884,Proposed,near_boundary,6104,2.65,2,aware,none,0.65,0.92,5,1.394868114575142,3.6823886286329595,0.14787564722445162,1.5078347302216535,4.309658196057725,0.0,0.0,0.07122507122507123,700,61,700,184.84362878421885,0.08714285714285715,0.814449999999578,59.093599999999746,10.923986265615872,(gap/tau_g)^2+(speed/tau_v)^2+(lateral/tau_y)^2,False
Full method,2.52880582865884,Proposed,near_boundary,6105,2.65,2,aware,none,0.65,0.92,5,1.3893171182214237,3.6962069604713172,0.14713816374608424,1.5380681436287982,4.309658196057725,0.0,0.0,0.07122507122507123,700,78,700,185.21265387402593,0.11142857142857143,0.9129500000000235,18.66340000000033,10.94309185922223,(gap/tau_g)^2+(speed/tau_v)^2+(lateral/tau_y)^2,False
Full method,2.52880582865884,Proposed,near_boundary,6106,2.65,2,aware,none,0.65,0.92,5,1.3975202859598004,3.6941951763128102,0.14777463977403135,1.5348075017012268,4.309658196057725,0.0,0.0,0.07122507122507123,700,52,700,184.93349366704254,0.07428571428571429,0.4476000000002145,51.73840000000052,10.980840412844247,(gap/tau_g)^2+(speed/tau_v)^2+(lateral/tau_y)^2,False
Full method,2.52880582865884,Proposed,near_boundary,6107,2.65,2,aware,none,0.65,0.92,5,1.382932028225546,3.7112651415963196,0.14688022134669343,1.4871694237956021,4.309658196057725,0.0,0.0,0.07122507122507123,700,60,700,185.44409141374564,0.08571428571428572,0.5800499999999431,16.57479999999989,10.966637035151464,(gap/tau_g)^2+(speed/tau_v)^2+(lateral/tau_y)^2,False
Full method,2.52880582865884,Proposed,near_boundary,6108,2.65,2,aware,none,0.65,0.92,5,1.3927108554186878,3.69035988557616,0.1474480489658354,1.4811748638691133,4.309658196057725,0.0,0.0,0.07122507122507123,700,59,700,185.09263494758315,0.08428571428571428,0.44040000000045154,117.73149999999966,10.940123278715301,(gap/tau_g)^2+(speed/tau_v)^2+(lateral/tau_y)^2,False
Full method,2.52880582865884,Proposed,near_boundary,6109,2.65,2,aware,none,0.65,0.92,5,1.403755839179686,3.706904695360234,0.14700848213396087,1.5414537248391877,4.309658196057725,0.0,0.0,0.07122507122507123,700,53,700,185.35340007055487,0.07571428571428572,0.45429999999990756,98.84629999999994,11.054239549876018,(gap/tau_g)^2+(speed/tau_v)^2+(lateral/tau_y)^2,False
Full method,2.52880582865884,Proposed,near_boundary,6110,2.65,2,aware,none,0.65,0.92,5,1.3976808348842222,3.6778961241356294,0.14831603535735663,1.4623043383622838,4.309658196057725,0.0,0.0,0.06837606837606838,700,49,700,184.6215591133876,0.07,0.44059999999968014,166.8478000000002,10.924340621159937,(gap/tau_g)^2+(speed/tau_v)^2+(lateral/tau_y)^2,False
Full method,2.52880582865884,Proposed,near_boundary,6111,2.65,2,aware,none,0.65,0.92,5,1.389086040620804,3.6926993279946543,0.14752852737974925,1.5845328710106907,4.309658196057725,0.0,0.0,0.07122507122507123,700,45,700,185.09185759772635,0.06428571428571428,0.4738000000004128,6.316499999999614,10.93160290855743,(gap/tau_g)^2+(speed/tau_v)^2+(lateral/tau_y)^2,False
Full method,2.52880582865884,Proposed,near_boundary,6112,2.65,2,aware,none,0.65,0.92,5,1.393070242298953,3.7166142012885968,0.1468429686557559,1.5329923003539352,4.309658196057725,0.0,0.0,0.07122507122507123,700,72,700,185.49926270707113,0.10285714285714286,0.37170000000008585,0.6889000000001033,11.036668254816382,(gap/tau_g)^2+(speed/tau_v)^2+(lateral/tau_y)^2,False
Full method,2.52880582865884,Proposed,near_boundary,6113,2.65,2,aware,none,0.65,0.92,5,1.384359528750436,3.703054897440386,0.14810988712533626,1.4932877885895448,4.309658196057725,0.0,0.0,0.07122507122507123,700,42,700,184.80059455954208,0.06,0.3911499999995627,0.9736000000000189,10.95167044398592,(gap/tau_g)^2+(speed/tau_v)^2+(lateral/tau_y)^2,False
Full method,2.52880582865884,Proposed,near_boundary,6114,2.65,2,aware,none,0.65,0.92,5,1.4000205387864695,3.6940529286861628,0.1477007157306866,1.5062763782212076,4.309658196057725,0.0,0.0,0.07122507122507123,700,71,700,184.97270041569695,0.10142857142857142,0.3682000000000407,0.9643999999999764,10.992192912237476,(gap/tau_g)^2+(speed/tau_v)^2+(lateral/tau_y)^2,False
Full method,2.52880582865884,Proposed,near_boundary,6115,2.65,2,aware,none,0.65,0.92,5,1.388074507361797,3.6939533229447052,0.14761456408887105,1.4992252589640005,4.309658196057725,0.0,0.0,0.07407407407407407,700,98,700,185.01832512148675,0.14,0.4164000000002055,1.502700000000523,10.931969552232326,(gap/tau_g)^2+(speed/tau_v)^2+(lateral/tau_y)^2,False
Full method,2.52880582865884,Proposed,near_boundary,6116,2.65,2,aware,none,0.65,0.92,5,1.385120993120275,3.687192311682531,0.1483197051598077,1.5025192903756448,4.309658196057725,0.0,0.0,0.07407407407407407,700,44,700,184.69797410100472,0.06285714285714286,0.40425000000032796,1.5663000000003535,10.897164013072977,(gap/tau_g)^2+(speed/tau_v)^2+(lateral/tau_y)^2,False
Full method,2.52880582865884,Proposed,near_boundary,6117,2.65,2,aware,none,0.65,0.92,5,1.3787182155896203,3.697037265670979,0.14763672793609836,1.5029759809904613,4.309658196057725,0.0,0.0,0.07122507122507123,700,50,700,185.02697897877445,0.07142857142857142,0.42724999999999014,1.2833999999992685,10.897741240216002,(gap/tau_g)^2+(speed/tau_v)^2+(lateral/tau_y)^2,False
Full method,2.52880582865884,Proposed,near_boundary,6118,2.65,2,aware,none,0.65,0.92,5,1.4050292718231994,3.715826405165875,0.14689030618818336,1.511475368316093,4.309658196057725,0.0,0.0,0.07122507122507123,700,70,700,185.463815285224,0.1,0.40214999999976797,0.797600000000287,11.09351748478883,(gap/tau_g)^2+(speed/tau_v)^2+(lateral/tau_y)^2,False
Full method,2.52880582865884,Proposed,near_boundary,6119,2.65,2,aware,none,0.65,0.92,5,1.3983225028391995,3.692158086294125,0.14811179754521075,1.523201177269183,4.309658196057725,0.0,0.0,0.07407407407407407,700,79,700,184.83261923650946,0.11285714285714285,0.3996500000003067,1.0514000000005908,10.979644880964285,(gap/tau_g)^2+(speed/tau_v)^2+(lateral/tau_y)^2,False
Full method,2.52880582865884,Proposed,near_boundary,6120,2.65,2,aware,none,0.65,0.92,5,1.3907428618948832,3.705580375567769,0.14765492091836477,1.4559885585580767,4.309658196057725,0.0,0.0,0.07407407407407407,700,39,700,185.07200888573712,0.055714285714285716,0.41660000000032227,1.4326000000002281,10.989344736356847,(gap/tau_g)^2+(speed/tau_v)^2+(lateral/tau_y)^2,False
Full method,2.52880582865884,Proposed,near_boundary,6121,2.65,2,aware,none,0.65,0.92,5,1.4159948194069447,3.7297008149605806,0.14652148103623727,1.5254420826104012,4.309658196057725,0.0,0.0,0.06837606837606838,700,119,700,185.6728138274162,0.17,0.3937000000009405,0.9249000000011165,11.198511205736091,(gap/tau_g)^2+(speed/tau_v)^2+(lateral/tau_y)^2,False
Full method,2.52880582865884,Proposed,near_boundary,6122,2.65,2,aware,none,0.65,0.92,5,1.3910611085318112,3.6912260606294125,0.14744809741071224,1.4957346571878636,4.309658196057725,0.0,0.0,0.07692307692307693,700,48,700,185.11288966631392,0.06857142857142857,0.40314999999946366,0.954999999999373,10.935221272516904,(gap/tau_g)^2+(speed/tau_v)^2+(lateral/tau_y)^2,False
Full method,2.52880582865884,Proposed,near_boundary,6123,2.65,2,aware,none,0.65,0.92,5,1.4115668649365265,3.7224890203713366,0.14691823458297074,1.470798884243739,4.309658196057725,0.0,0.0,0.07692307692307693,700,46,700,185.48387775363457,0.06571428571428571,0.43970000000115306,1.0002000000000066,11.151743214338161,(gap/tau_g)^2+(speed/tau_v)^2+(lateral/tau_y)^2,False
Full method,2.52880582865884,Proposed,near_boundary,6124,2.65,2,aware,none,0.65,0.92,5,1.382423179054755,3.7055454443872238,0.14734938909674467,1.5011436170063879,4.309658196057725,0.0,0.0,0.06837606837606838,700,48,700,185.25800509180388,0.06857142857142857,0.3956499999997476,1.0830999999988933,10.945942681517993,(gap/tau_g)^2+(speed/tau_v)^2+(lateral/tau_y)^2,False
Full method,2.52880582865884,Proposed,near_boundary,6125,2.65,2,aware,none,0.65,0.92,5,1.4177068332199325,3.70571935381731,0.1472980796534903,1.5227068020217922,4.309658196057725,0.0,0.0,0.07122507122507123,700,45,700,185.2364767193014,0.06428571428571428,0.3609999999998337,0.8522000000006358,11.121864667760777,(gap/tau_g)^2+(speed/tau_v)^2+(lateral/tau_y)^2,False
Full method,2.52880582865884,Proposed,near_boundary,6126,2.65,2,aware,none,0.65,0.92,5,1.3904645366376331,3.7102064435437203,0.14735833742322021,1.4322212142494104,4.309658196057725,0.0,0.0,0.07122507122507123,700,28,700,185.20546325162277,0.04,0.3639499999996687,1.025900000000135,11.00328421959268,(gap/tau_g)^2+(speed/tau_v)^2+(lateral/tau_y)^2,False
Full method,2.52880582865884,Proposed,near_boundary,6127,2.65,2,aware,none,0.65,0.92,5,1.3894152341669301,3.716647894932996,0.147199327494046,1.4375222687813987,4.309658196057725,0.0,0.0,0.07122507122507123,700,27,700,185.28274578669098,0.03857142857142857,0.3967000000004717,0.748299999999702,11.021335639065615,(gap/tau_g)^2+(speed/tau_v)^2+(lateral/tau_y)^2,False
Full method,2.52880582865884,Proposed,near_boundary,6128,2.65,2,aware,none,0.65,0.92,5,1.3985757356792905,3.711807732002385,0.14709425869625853,1.5090783060324124,4.309658196057725,0.0,1.1102230246251565e-16,0.06837606837606838,700,47,700,185.34411025274588,0.06714285714285714,0.4103999999998109,1.5576000000017132,11.047621627127237,(gap/tau_g)^2+(speed/tau_v)^2+(lateral/tau_y)^2,False
Full method,2.52880582865884,Proposed,near_boundary,6129,2.65,2,aware,none,0.65,0.92,5,1.404436676155542,3.693456638276296,0.1474476557962133,1.4898677500431705,4.309658196057725,0.0,0.0,0.07407407407407407,700,56,700,185.1429618733826,0.08,0.3843500000000333,0.8942999999987933,11.010095699640084,(gap/tau_g)^2+(speed/tau_v)^2+(lateral/tau_y)^2,False
Full method,2.52880582865884,Proposed,near_boundary,6130,2.65,2,aware,none,0.65,0.92,5,1.4020477404089597,3.7146816223924284,0.14683757480164622,1.5050423410850662,4.309658196057725,0.0,0.0,0.07692307692307693,700,48,700,185.4651672857699,0.06857142857142857,0.39634999999993425,1.0052999999992096,11.073911397352138,(gap/tau_g)^2+(speed/tau_v)^2+(lateral/tau_y)^2,False
No timestamp prediction,2.52880582865884,Proposed,near_boundary,6101,2.65,2,aware,no_timestamp,0.65,0.92,5,1.3865069147859228,3.696602489034815,0.14704227797915292,1.5145960304526045,4.309658196057725,0.0,0.0,0.07122507122507123,700,46,700,185.30923008636134,0.06571428571428571,0.4310500000004325,1.095799999999869,10.930010750280294,(gap/tau_g)^2+(speed/tau_v)^2+(lateral/tau_y)^2,False
No timestamp prediction,2.52880582865884,Proposed,near_boundary,6102,2.65,2,aware,no_timestamp,0.65,0.92,5,1.401028334339861,3.7134693814176525,0.14718038028498753,1.4796972379306592,4.309658196057725,0.0,0.0,0.07122507122507123,700,36,700,185.3074496610424,0.05142857142857143,0.3933500000004031,0.9300999999997117,11.066756980661363,(gap/tau_g)^2+(speed/tau_v)^2+(lateral/tau_y)^2,False
No timestamp prediction,2.52880582865884,Proposed,near_boundary,6103,2.65,2,aware,no_timestamp,0.65,0.92,5,1.396556891097301,3.711669690374424,0.14671215700615192,1.418320780453013,4.309658196057725,0.0,0.0,0.07122507122507123,700,57,700,185.52239574517404,0.08142857142857143,0.392800000000193,1.14939999999919,11.034260307434456,(gap/tau_g)^2+(speed/tau_v)^2+(lateral/tau_y)^2,False
No timestamp prediction,2.52880582865884,Proposed,near_boundary,6104,2.65,2,aware,no_timestamp,0.65,0.92,5,1.388474055169616,3.6832077734936175,0.14788544549089402,1.4860945205126388,4.309658196057725,0.0,0.0,0.07122507122507123,700,69,700,184.83760836111168,0.09857142857142857,0.3741999999995471,1.3214999999995314,10.895498172061815,(gap/tau_g)^2+(speed/tau_v)^2+(lateral/tau_y)^2,False
No timestamp prediction,2.52880582865884,Proposed,near_boundary,6105,2.65,2,aware,no_timestamp,0.65,0.92,5,1.3920999724850662,3.6952334787497607,0.14715904215831316,1.5155442001670698,4.309658196057725,0.0,0.0,0.07122507122507123,700,77,700,185.20920154365086,0.11,0.44220000000017023,1.3268000000010716,10.953334826773666,(gap/tau_g)^2+(speed/tau_v)^2+(lateral/tau_y)^2,False
No timestamp prediction,2.52880582865884,Proposed,near_boundary,6106,2.65,2,aware,no_timestamp,0.65,0.92,5,1.3980048502944868,3.693622341564861,0.14776766396977403,1.5254341644844482,4.309658196057725,0.0,0.0,0.07122507122507123,700,48,700,184.93715280853442,0.06857142857142857,0.39664999999988737,1.2828999999996427,10.981037887476813,(gap/tau_g)^2+(speed/tau_v)^2+(lateral/tau_y)^2,False
No timestamp prediction,2.52880582865884,Proposed,near_boundary,6107,2.65,2,aware,no_timestamp,0.65,0.92,5,1.3837505605341873,3.7115627048759987,0.14688438661761316,1.4598957584753536,4.309658196057725,0.0,0.0,0.07122507122507123,700,59,700,185.44402374631989,0.08428571428571428,0.3777999999989845,1.2950000000007122,10.971820533745104,(gap/tau_g)^2+(speed/tau_v)^2+(lateral/tau_y)^2,False
No timestamp prediction,2.52880582865884,Proposed,near_boundary,6108,2.65,2,aware,no_timestamp,0.65,0.92,5,1.394247382231312,3.690231915652943,0.14744179574287086,1.4552328339103298,4.309658196057725,0.0,0.0,0.07122507122507123,700,57,700,185.09058619867096,0.08142857142857143,0.3696499999996661,1.085699999999079,10.947208157944814,(gap/tau_g)^2+(speed/tau_v)^2+(lateral/tau_y)^2,False
No timestamp prediction,2.52880582865884,Proposed,near_boundary,6109,2.65,2,aware,no_timestamp,0.65,0.92,5,1.4021890814775595,3.706731330214578,0.1469998206392987,1.5246185986242047,4.309658196057725,0.0,0.0,0.07122507122507123,700,53,700,185.35499738462659,0.07571428571428572,0.3894500000001244,0.8368000000000819,11.045704607747703,(gap/tau_g)^2+(speed/tau_v)^2+(lateral/tau_y)^2,False
No timestamp prediction,2.52880582865884,Proposed,near_boundary,6110,2.65,2,aware,no_timestamp,0.65,0.92,5,1.3903248003384296,3.6811686982281597,0.14831990386620483,1.449935201331481,4.309658196057725,0.0,0.0,0.06837606837606838,700,50,700,184.61900351115082,0.07142857142857142,0.3613499999994829,1.351500000000172,10.900196747582731,(gap/tau_g)^2+(speed/tau_v)^2+(lateral/tau_y)^2,False
No timestamp prediction,2.52880582865884,Proposed,near_boundary,6111,2.65,2,aware,no_timestamp,0.65,0.92,5,1.3941070120242989,3.6907482745583917,0.14750423691261935,1.5633052133089287,4.309658196057725,0.0,0.0,0.07122507122507123,700,49,700,185.09714996207484,0.07,0.3952000000007061,1.6499999999997073,10.948917259333987,(gap/tau_g)^2+(speed/tau_v)^2+(lateral/tau_y)^2,False
No timestamp prediction,2.52880582865884,Proposed,near_boundary,6112,2.65,2,aware,no_timestamp,0.65,0.92,5,1.3928830837976678,3.7165125330920796,0.14681337843502684,1.4910685318786898,4.309658196057725,0.0,0.0,0.07122507122507123,700,65,700,185.50537495724922,0.09285714285714286,0.3553000000007245,0.6734000000001572,11.03513849353358,(gap/tau_g)^2+(speed/tau_v)^2+(lateral/tau_y)^2,False
No timestamp prediction,2.52880582865884,Proposed,near_boundary,6113,2.65,2,aware,no_timestamp,0.65,0.92,5,1.384339375654511,3.702900675417937,0.14810911768141966,1.487798295194733,4.309658196057725,0.0,0.0,0.07122507122507123,700,49,700,184.8011960766128,0.07,0.39029999999939946,1.8370999999994808,10.950982814270226,(gap/tau_g)^2+(speed/tau_v)^2+(lateral/tau_y)^2,False
No timestamp prediction,2.52880582865884,Proposed,near_boundary,6114,2.65,2,aware,no_timestamp,0.65,0.92,5,1.4000805277844348,3.6928653969757037,0.14767285262602792,1.4644686703489,4.309658196057725,0.0,0.0,0.07122507122507123,700,71,700,184.97291561459465,0.10142857142857142,0.3548500000007948,0.5971999999996314,10.987810172181169,(gap/tau_g)^2+(speed/tau_v)^2+(lateral/tau_y)^2,False
No timestamp prediction,2.52880582865884,Proposed,near_boundary,6115,2.65,2,aware,no_timestamp,0.65,0.92,5,1.3939032731021623,3.692643971968776,0.14760251643039593,1.4812278054748371,4.309658196057725,0.0,0.0,0.06837606837606838,700,99,700,185.01518593483678,0.14142857142857143,0.41000000000046555,1.8049999999991684,10.955773670716445,(gap/tau_g)^2+(speed/tau_v)^2+(lateral/tau_y)^2,False
No timestamp prediction,2.52880582865884,Proposed,near_boundary,6116,2.65,2,aware,no_timestamp,0.65,0.92,5,1.3884934090664443,3.685365836091934,0.14830499230406358,1.4865229992429314,4.309658196057725,0.0,0.0,0.07122507122507123,700,41,700,184.69953545035642,0.05857142857142857,0.39944999999974584,1.1514999999988618,10.90681354809737,(gap/tau_g)^2+(speed/tau_v)^2+(lateral/tau_y)^2,False
No timestamp prediction,2.52880582865884,Proposed,near_boundary,6117,2.65,2,aware,no_timestamp,0.65,0.92,5,1.3815009934018994,3.695545869898215,0.14761517651001171,1.4695094494667118,4.309658196057725,0.0,0.0,0.07122507122507123,700,46,700,185.03560356555326,0.06571428571428571,0.46294999999929587,1.7812999999993195,10.905612273974421,(gap/tau_g)^2+(speed/tau_v)^2+(lateral/tau_y)^2,False
No timestamp prediction,2.52880582865884,Proposed,near_boundary,6118,2.65,2,aware,no_timestamp,0.65,0.92,5,1.4080066209254636,3.716134062836413,0.14689683225042002,1.5033262288024167,4.309658196057725,0.0,0.0,0.07122507122507123,700,76,700,185.4599671497261,0.10857142857142857,0.40734999999969546,1.3911000000010887,11.109621580095675,(gap/tau_g)^2+(speed/tau_v)^2+(lateral/tau_y)^2,False
No timestamp prediction,2.52880582865884,Proposed,near_boundary,6119,2.65,2,aware,no_timestamp,0.65,0.92,5,1.397237138400951,3.6920189541213078,0.1480706582676422,1.4996649038768635,4.309658196057725,0.0,0.0,0.07122507122507123,700,81,700,184.8286149795936,0.11571428571428571,0.424800000000225,1.5289999999996695,10.973421955779102,(gap/tau_g)^2+(speed/tau_v)^2+(lateral/tau_y)^2,False
No timestamp prediction,2.52880582865884,Proposed,near_boundary,6120,2.65,2,aware,no_timestamp,0.65,0.92,5,1.3908843767085748,3.705524862748038,0.14767293441513657,1.4483486797330312,4.309658196057725,0.0,0.0,0.07407407407407407,700,41,700,185.06963530408692,0.05857142857142857,0.40585000000081806,1.7756000000002103,10.989967636832287,(gap/tau_g)^2+(speed/tau_v)^2+(lateral/tau_y)^2,False
No timestamp prediction,2.52880582865884,Proposed,near_boundary,6121,2.65,2,aware,no_timestamp,0.65,0.92,5,1.4143969164589851,3.729761063379951,0.14653209841625736,1.464363903145065,4.309658196057725,0.0,0.0,0.06837606837606838,700,119,700,185.67019024494763,0.17,0.393300000000707,1.3882000000009498,11.1907779485003,(gap/tau_g)^2+(speed/tau_v)^2+(lateral/tau_y)^2,False
No timestamp prediction,2.52880582865884,Proposed,near_boundary,6122,2.65,2,aware,no_timestamp,0.65,0.92,5,1.3903254227616606,3.6896543684880725,0.14741925162799474,1.4744456437372448,4.309658196057725,0.0,0.0,0.07122507122507123,700,48,700,185.11201666104742,0.06857142857142857,0.40210000000051593,0.9029000000015941,10.92545228649927,(gap/tau_g)^2+(speed/tau_v)^2+(lateral/tau_y)^2,False
No timestamp prediction,2.52880582865884,Proposed,near_boundary,6123,2.65,2,aware,no_timestamp,0.65,0.92,5,1.4067838367026693,3.7232005737284743,0.14692316313142154,1.4593757117884212,4.309658196057725,0.0,0.0,0.07407407407407407,700,54,700,185.47474664413443,0.07714285714285714,0.3875500000001253,0.9363000000011112,11.130517592991538,(gap/tau_g)^2+(speed/tau_v)^2+(lateral/tau_y)^2,False
No timestamp prediction,2.52880582865884,Proposed,near_boundary,6124,2.65,2,aware,no_timestamp,0.65,0.92,5,1.3855868559346611,3.702314758949099,0.1472206580938774,1.4883949462931994,4.309658196057725,0.0,0.0,0.06837606837606838,700,46,700,185.2622944000516,0.06571428571428571,0.39159999999949235,1.0127000000004216,10.948352391043647,(gap/tau_g)^2+(speed/tau_v)^2+(lateral/tau_y)^2,False
No timestamp prediction,2.52880582865884,Proposed,near_boundary,6125,2.65,2,aware,no_timestamp,0.65,0.92,5,1.4206636221845508,3.7048136627808237,0.14728991249553125,1.503376984796314,4.309658196057725,0.0,0.0,0.07122507122507123,700,42,700,185.2374998493945,0.06,0.4037999999999542,1.2414000000013914,11.133300139398077,(gap/tau_g)^2+(speed/tau_v)^2+(lateral/tau_y)^2,False
No timestamp prediction,2.52880582865884,Proposed,near_boundary,6126,2.65,2,aware,no_timestamp,0.65,0.92,5,1.3911907897314468,3.7090941519827525,0.147362624516191,1.4231509397861444,4.309658196057725,0.0,0.0,0.07122507122507123,700,28,700,185.20420794801356,0.04,0.3954500000000749,1.0899999999995913,11.002696827252159,(gap/tau_g)^2+(speed/tau_v)^2+(lateral/tau_y)^2,False
No timestamp prediction,2.52880582865884,Proposed,near_boundary,6127,2.65,2,aware,no_timestamp,0.65,0.92,5,1.389095408343182,3.7164797939553456,0.14720564059992258,1.4367158658042096,4.309658196057725,0.0,0.0,0.07122507122507123,700,27,700,185.28105281920168,0.03857142857142857,0.43780000000026575,1.1852000000001084,11.019164792654015,(gap/tau_g)^2+(speed/tau_v)^2+(lateral/tau_y)^2,False
No timestamp prediction,2.52880582865884,Proposed,near_boundary,6128,2.65,2,aware,no_timestamp,0.65,0.92,5,1.3985775450931652,3.711486783205949,0.14709105610007284,1.506646718695373,4.309658196057725,0.0,1.1102230246251565e-16,0.06837606837606838,700,45,700,185.3410035271301,0.06428571428571428,0.3471999999993258,1.2380000000007385,11.046391510992601,(gap/tau_g)^2+(speed/tau_v)^2+(lateral/tau_y)^2,False
No timestamp prediction,2.52880582865884,Proposed,near_boundary,6129,2.65,2,aware,no_timestamp,0.65,0.92,5,1.4035150761069373,3.6936751394512624,0.1474343423097012,1.477283645880297,4.309658196057725,0.0,0.0,0.07407407407407407,700,55,700,185.1504469691101,0.07857142857142857,0.3929999999998657,0.6251999999999924,11.006220522422742,(gap/tau_g)^2+(speed/tau_v)^2+(lateral/tau_y)^2,False
No timestamp prediction,2.52880582865884,Proposed,near_boundary,6130,2.65,2,aware,no_timestamp,0.65,0.92,5,1.4071963427201386,3.7132711019584907,0.14682978817972064,1.4771842015878969,4.309658196057725,0.0,0.0,0.07122507122507123,700,38,700,185.47558551696227,0.054285714285714284,0.4060999999992987,0.7914999999982797,11.09422188979105,(gap/tau_g)^2+(speed/tau_v)^2+(lateral/tau_y)^2,False
No curve/friction coupling,2.52880582865884,Proposed,near_boundary,6101,2.65,2,aware,no_coupling,0.65,0.92,5,1.3856335214652185,3.6969858069201442,0.1470240897064081,1.5278052690363915,4.309658196057725,0.0,0.0,0.07122507122507123,700,45,700,185.3070820775023,0.06428571428571428,0.3733999999999682,0.6596999999999298,10.927018702606356,(gap/tau_g)^2+(speed/tau_v)^2+(lateral/tau_y)^2,False
No curve/friction coupling,2.52880582865884,Proposed,near_boundary,6102,2.65,2,aware,no_coupling,0.65,0.92,5,1.3993003864975813,3.714199814059348,0.14718661653550846,1.48586938794271,4.309658196057725,0.0,0.0,0.07122507122507123,700,36,700,185.30778793621494,0.05142857142857143,0.3868000000011307,0.7035000000001901,11.060968591512717,(gap/tau_g)^2+(speed/tau_v)^2+(lateral/tau_y)^2,False
No curve/friction coupling,2.52880582865884,Proposed,near_boundary,6103,2.65,2,aware,no_coupling,0.65,0.92,5,1.3958181519380957,3.711956107533823,0.14671410606860444,1.429169539531977,4.309658196057725,0.0,0.0,0.07122507122507123,700,57,700,185.523278388483,0.08142857142857143,0.3975000000000506,0.8061000000001428,11.031692163054407,(gap/tau_g)^2+(speed/tau_v)^2+(lateral/tau_y)^2,False
No curve/friction coupling,2.52880582865884,Proposed,near_boundary,6104,2.65,2,aware,no_coupling,0.65,0.92,5,1.394868114575142,3.6823886286329595,0.14787564722445162,1.5078347302216535,4.309658196057725,0.0,0.0,0.07122507122507123,700,61,700,184.84362878421885,0.08714285714285715,0.36594999999994826,0.817399999998969,10.923986265615872,(gap/tau_g)^2+(speed/tau_v)^2+(lateral/tau_y)^2,False
No curve/friction coupling,2.52880582865884,Proposed,near_boundary,6105,2.65,2,aware,no_coupling,0.65,0.92,5,1.3893171182214237,3.6962069604713172,0.14713816374608424,1.5380681436287982,4.309658196057725,0.0,0.0,0.07122507122507123,700,78,700,185.21265387402593,0.11142857142857143,0.35730000000011586,0.9122000000001407,10.94309185922223,(gap/tau_g)^2+(speed/tau_v)^2+(lateral/tau_y)^2,False
No curve/friction coupling,2.52880582865884,Proposed,near_boundary,6106,2.65,2,aware,no_coupling,0.65,0.92,5,1.3975202859598004,3.6941951763128102,0.14777463977403135,1.5348075017012268,4.309658196057725,0.0,0.0,0.07122507122507123,700,52,700,184.93349366704254,0.07428571428571429,0.4091500000003023,1.0217000000007914,10.980840412844247,(gap/tau_g)^2+(speed/tau_v)^2+(lateral/tau_y)^2,False
No curve/friction coupling,2.52880582865884,Proposed,near_boundary,6107,2.65,2,aware,no_coupling,0.65,0.92,5,1.382932028225546,3.7112651415963196,0.14688022134669343,1.4871694237956021,4.309658196057725,0.0,0.0,0.07122507122507123,700,60,700,185.44409141374564,0.08571428571428572,0.36550000000090677,0.571499999999503,10.966637035151464,(gap/tau_g)^2+(speed/tau_v)^2+(lateral/tau_y)^2,False
No curve/friction coupling,2.52880582865884,Proposed,near_boundary,6108,2.65,2,aware,no_coupling,0.65,0.92,5,1.3927108554186878,3.69035988557616,0.1474480489658354,1.4811748638691133,4.309658196057725,0.0,0.0,0.07122507122507123,700,59,700,185.09263494758315,0.08428571428571428,0.38985000000035797,0.7513999999986254,10.940123278715301,(gap/tau_g)^2+(speed/tau_v)^2+(lateral/tau_y)^2,False
No curve/friction coupling,2.52880582865884,Proposed,near_boundary,6109,2.65,2,aware,no_coupling,0.65,0.92,5,1.403755839179686,3.706904695360234,0.14700848213396087,1.5414537248391877,4.309658196057725,0.0,0.0,0.07122507122507123,700,53,700,185.35340007055487,0.07571428571428572,0.41944999999987687,1.0940999999995427,11.054239549876018,(gap/tau_g)^2+(speed/tau_v)^2+(lateral/tau_y)^2,False
No curve/friction coupling,2.52880582865884,Proposed,near_boundary,6110,2.65,2,aware,no_coupling,0.65,0.92,5,1.3976808348842222,3.6778961241356294,0.14831603535735663,1.4623043383622838,4.309658196057725,0.0,0.0,0.06837606837606838,700,49,700,184.6215591133876,0.07,0.37854999999975547,0.558499999998574,10.924340621159937,(gap/tau_g)^2+(speed/tau_v)^2+(lateral/tau_y)^2,False
No curve/friction coupling,2.52880582865884,Proposed,near_boundary,6111,2.65,2,aware,no_coupling,0.65,0.92,5,1.389086040620804,3.6926993279946543,0.14752852737974925,1.5845328710106907,4.309658196057725,0.0,0.0,0.07122507122507123,700,45,700,185.09185759772635,0.06428571428571428,0.41384999999927174,0.9782999999998765,10.93160290855743,(gap/tau_g)^2+(speed/tau_v)^2+(lateral/tau_y)^2,False
No curve/friction coupling,2.52880582865884,Proposed,near_boundary,6112,2.65,2,aware,no_coupling,0.65,0.92,5,1.393070242298953,3.7166142012885968,0.1468429686557559,1.5329923003539352,4.309658196057725,0.0,0.0,0.07122507122507123,700,72,700,185.49926270707113,0.10285714285714286,0.38690000000052294,0.9306000000002257,11.036668254816382,(gap/tau_g)^2+(speed/tau_v)^2+(lateral/tau_y)^2,False
No curve/friction coupling,2.52880582865884,Proposed,near_boundary,6113,2.65,2,aware,no_coupling,0.65,0.92,5,1.3843592882018994,3.7030536376827126,0.14810983071368056,1.4932877435187375,4.309658196057725,0.0,0.0,0.07122507122507123,700,42,700,184.80059451281028,0.06,0.37850000000005934,1.0899999999995913,10.951664082055673,(gap/tau_g)^2+(speed/tau_v)^2+(lateral/tau_y)^2,False
No curve/friction coupling,2.52880582865884,Proposed,near_boundary,6114,2.65,2,aware,no_coupling,0.65,0.92,5,1.4000205387864695,3.6940529286861628,0.1477007157306866,1.5062763782212076,4.309658196057725,0.0,0.0,0.07122507122507123,700,71,700,184.97270041569695,0.10142857142857142,0.3976999999997233,1.0138999999984577,10.992192912237476,(gap/tau_g)^2+(speed/tau_v)^2+(lateral/tau_y)^2,False
No curve/friction coupling,2.52880582865884,Proposed,near_boundary,6115,2.65,2,aware,no_coupling,0.65,0.92,5,1.388074507361797,3.6939533229447052,0.14761456408887105,1.4992252589640005,4.309658196057725,0.0,0.0,0.07407407407407407,700,98,700,185.01832512148675,0.14,0.39604999999998114,0.9591999999987166,10.931969552232326,(gap/tau_g)^2+(speed/tau_v)^2+(lateral/tau_y)^2,False
No curve/friction coupling,2.52880582865884,Proposed,near_boundary,6116,2.65,2,aware,no_coupling,0.65,0.92,5,1.385120993120275,3.687192311682531,0.1483197051598077,1.5025192903756448,4.309658196057725,0.0,0.0,0.07407407407407407,700,44,700,184.69797410100472,0.06285714285714286,0.39604999999998114,0.6711999999993168,10.897164013072977,(gap/tau_g)^2+(speed/tau_v)^2+(lateral/tau_y)^2,False
No curve/friction coupling,2.52880582865884,Proposed,near_boundary,6117,2.65,2,aware,no_coupling,0.65,0.92,5,1.3787182155896203,3.697037265670979,0.14763672793609836,1.5029759809904613,4.309658196057725,0.0,0.0,0.07122507122507123,700,50,700,185.02697897877445,0.07142857142857142,0.39339999999921105,0.8047999999991617,10.897741240216002,(gap/tau_g)^2+(speed/tau_v)^2+(lateral/tau_y)^2,False
No curve/friction coupling,2.52880582865884,Proposed,near_boundary,6118,2.65,2,aware,no_coupling,0.65,0.92,5,1.4050292718231994,3.715826405165875,0.14689030618818336,1.511475368316093,4.309658196057725,0.0,0.0,0.07122507122507123,700,70,700,185.463815285224,0.1,0.3846499999999864,0.7657999999999276,11.09351748478883,(gap/tau_g)^2+(speed/tau_v)^2+(lateral/tau_y)^2,False
No curve/friction coupling,2.52880582865884,Proposed,near_boundary,6119,2.65,2,aware,no_coupling,0.65,0.92,5,1.3983225028391995,3.692158086294125,0.14811179754521075,1.523201177269183,4.309658196057725,0.0,0.0,0.07407407407407407,700,79,700,184.83261923650946,0.11285714285714285,0.3846499999990982,0.9814999999999685,10.979644880964285,(gap/tau_g)^2+(speed/tau_v)^2+(lateral/tau_y)^2,False
No curve/friction coupling,2.52880582865884,Proposed,near_boundary,6120,2.65,2,aware,no_coupling,0.65,0.92,5,1.3907428618948832,3.705580375567769,0.14765492091836477,1.4559885585580767,4.309658196057725,0.0,0.0,0.07407407407407407,700,39,700,185.07200888573712,0.055714285714285716,0.3896499999989089,0.7780999999997817,10.989344736356847,(gap/tau_g)^2+(speed/tau_v)^2+(lateral/tau_y)^2,False
No curve/friction coupling,2.52880582865884,Proposed,near_boundary,6121,2.65,2,aware,no_coupling,0.65,0.92,5,1.4159948194069447,3.7297008149605806,0.14652148103623727,1.5254420826104012,4.309658196057725,0.0,0.0,0.06837606837606838,700,119,700,185.6728138274162,0.17,0.3766000000000602,0.8308999999986355,11.198511205736091,(gap/tau_g)^2+(speed/tau_v)^2+(lateral/tau_y)^2,False
No curve/friction coupling,2.52880582865884,Proposed,near_boundary,6122,2.65,2,aware,no_coupling,0.65,0.92,5,1.3910611085318112,3.6912260606294125,0.14744809741071224,1.4957346571878636,4.309658196057725,0.0,0.0,0.07692307692307693,700,48,700,185.11288966631392,0.06857142857142857,0.37634999999980323,0.6910999999991674,10.935221272516904,(gap/tau_g)^2+(speed/tau_v)^2+(lateral/tau_y)^2,False
No curve/friction coupling,2.52880582865884,Proposed,near_boundary,6123,2.65,2,aware,no_coupling,0.65,0.92,5,1.4115668649365265,3.7224890203713366,0.14691823458297074,1.470798884243739,4.309658196057725,0.0,0.0,0.07692307692307693,700,46,700,185.48387775363457,0.06571428571428571,0.3923500000002633,0.6037999999985999,11.151743214338161,(gap/tau_g)^2+(speed/tau_v)^2+(lateral/tau_y)^2,False
No curve/friction coupling,2.52880582865884,Proposed,near_boundary,6124,2.65,2,aware,no_coupling,0.65,0.92,5,1.382423179054755,3.7055454443872238,0.14734938909674467,1.5011436170063879,4.309658196057725,0.0,0.0,0.06837606837606838,700,48,700,185.25800509180388,0.06857142857142857,0.39135000000012354,0.7447000000002646,10.945942681517993,(gap/tau_g)^2+(speed/tau_v)^2+(lateral/tau_y)^2,False
No curve/friction coupling,2.52880582865884,Proposed,near_boundary,6125,2.65,2,aware,no_coupling,0.65,0.92,5,1.4177068332199325,3.70571935381731,0.1472980796534903,1.5227068020217922,4.309658196057725,0.0,0.0,0.07122507122507123,700,45,700,185.2364767193014,0.06428571428571428,0.39604999999998114,1.4078000000008473,11.121864667760777,(gap/tau_g)^2+(speed/tau_v)^2+(lateral/tau_y)^2,False
No curve/friction coupling,2.52880582865884,Proposed,near_boundary,6126,2.65,2,aware,no_coupling,0.65,0.92,5,1.3904645366376331,3.7102064435437203,0.14735833742322021,1.4322212142494104,4.309658196057725,0.0,0.0,0.07122507122507123,700,28,700,185.20546325162277,0.04,0.41810000000008785,1.2126000000005632,11.00328421959268,(gap/tau_g)^2+(speed/tau_v)^2+(lateral/tau_y)^2,False
No curve/friction coupling,2.52880582865884,Proposed,near_boundary,6127,2.65,2,aware,no_coupling,0.65,0.92,5,1.3894152341669301,3.716647894932996,0.147199327494046,1.4375222687813987,4.309658196057725,0.0,0.0,0.07122507122507123,700,27,700,185.28274578669098,0.03857142857142857,0.3998999999996755,0.8639999999999759,11.021335639065615,(gap/tau_g)^2+(speed/tau_v)^2+(lateral/tau_y)^2,False
No curve/friction coupling,2.52880582865884,Proposed,near_boundary,6128,2.65,2,aware,no_coupling,0.65,0.92,5,1.3985757356792905,3.711807732002385,0.14709425869625853,1.5090783060324124,4.309658196057725,0.0,1.1102230246251565e-16,0.06837606837606838,700,47,700,185.34411025274588,0.06714285714285714,0.39544999999918673,1.4891999999999683,11.047621627127237,(gap/tau_g)^2+(speed/tau_v)^2+(lateral/tau_y)^2,False
No curve/friction coupling,2.52880582865884,Proposed,near_boundary,6129,2.65,2,aware,no_coupling,0.65,0.92,5,1.404436676155542,3.693456638276296,0.1474476557962133,1.4898677500431705,4.309658196057725,0.0,0.0,0.07407407407407407,700,56,700,185.1429618733826,0.08,0.3901499999994229,1.0171999999997183,11.010095699640084,(gap/tau_g)^2+(speed/tau_v)^2+(lateral/tau_y)^2,False
No curve/friction coupling,2.52880582865884,Proposed,near_boundary,6130,2.65,2,aware,no_coupling,0.65,0.92,5,1.4020477404089597,3.7146816223924284,0.14683757480164622,1.5050423410850662,4.309658196057725,0.0,0.0,0.07692307692307693,700,48,700,185.4651672857699,0.06857142857142857,0.4110000000014935,1.5217999999990184,11.073911397352138,(gap/tau_g)^2+(speed/tau_v)^2+(lateral/tau_y)^2,False
No robust tightening,2.52880582865884,Proposed,near_boundary,6101,2.65,2,aware,no_tightening,0.65,0.92,5,1.3856335214652185,3.6969858069201442,0.1470240897064081,1.5278052690363915,4.309658196057725,0.0,0.0,0.07122507122507123,700,45,700,185.3070820775023,0.06428571428571428,0.3008500000003522,0.8542000000009153,10.927018702606356,(gap/tau_g)^2+(speed/tau_v)^2+(lateral/tau_y)^2,False
No robust tightening,2.52880582865884,Proposed,near_boundary,6102,2.65,2,aware,no_tightening,0.65,0.92,5,1.3993003864975813,3.714199814059348,0.14718661653550846,1.48586938794271,4.309658196057725,0.0,0.0,0.07122507122507123,700,36,700,185.30778793621494,0.05142857142857143,0.24864999999962833,0.9332000000004115,11.060968591512717,(gap/tau_g)^2+(speed/tau_v)^2+(lateral/tau_y)^2,False
No robust tightening,2.52880582865884,Proposed,near_boundary,6103,2.65,2,aware,no_tightening,0.65,0.92,5,1.3958181519380957,3.711956107533823,0.14671410606860444,1.429169539531977,4.309658196057725,0.0,0.0,0.07122507122507123,700,57,700,185.523278388483,0.08142857142857143,0.2459500000000503,0.4078999999990174,11.031692163054407,(gap/tau_g)^2+(speed/tau_v)^2+(lateral/tau_y)^2,False
No robust tightening,2.52880582865884,Proposed,near_boundary,6104,2.65,2,aware,no_tightening,0.65,0.92,5,1.394868114575142,3.6823886286329595,0.14787564722445162,1.5078347302216535,4.309658196057725,0.0,0.0,0.07122507122507123,700,61,700,184.84362878421885,0.08714285714285715,0.2776999999998253,0.6772000000001555,10.923986265615872,(gap/tau_g)^2+(speed/tau_v)^2+(lateral/tau_y)^2,False
No robust tightening,2.52880582865884,Proposed,near_boundary,6105,2.65,2,aware,no_tightening,0.65,0.92,5,1.3893171182214237,3.6962069604713172,0.14713816374608424,1.5380681436287982,4.309658196057725,0.0,0.0,0.07122507122507123,700,78,700,185.21265387402593,0.11142857142857143,0.2722000000003888,0.9285000000005539,10.94309185922223,(gap/tau_g)^2+(speed/tau_v)^2+(lateral/tau_y)^2,False
No robust tightening,2.52880582865884,Proposed,near_boundary,6106,2.65,2,aware,no_tightening,0.65,0.92,5,1.3975202859598004,3.6941951763128102,0.14777463977403135,1.5348075017012268,4.309658196057725,0.0,0.0,0.07122507122507123,700,52,700,184.93349366704254,0.07428571428571429,0.25395000000028034,1.4036999999991195,10.980840412844247,(gap/tau_g)^2+(speed/tau_v)^2+(lateral/tau_y)^2,False
No robust tightening,2.52880582865884,Proposed,near_boundary,6107,2.65,2,aware,no_tightening,0.65,0.92,5,1.382932028225546,3.7112651415963196,0.14688022134669343,1.4871694237956021,4.309658196057725,0.0,0.0,0.07122507122507123,700,60,700,185.44409141374564,0.08571428571428572,0.24805000000061028,1.0607000000000255,10.966637035151464,(gap/tau_g)^2+(speed/tau_v)^2+(lateral/tau_y)^2,False
No robust tightening,2.52880582865884,Proposed,near_boundary,6108,2.65,2,aware,no_tightening,0.65,0.92,5,1.3927108554186878,3.69035988557616,0.1474480489658354,1.4811748638691133,4.309658196057725,0.0,0.0,0.07122507122507123,700,59,700,185.09263494758315,0.08428571428571428,0.2589000000003949,1.0124000000004685,10.940123278715301,(gap/tau_g)^2+(speed/tau_v)^2+(lateral/tau_y)^2,False
No robust tightening,2.52880582865884,Proposed,near_boundary,6109,2.65,2,aware,no_tightening,0.65,0.92,5,1.403755839179686,3.706904695360234,0.14700848213396087,1.5414537248391877,4.309658196057725,0.0,0.0,0.07122507122507123,700,53,700,185.35340007055487,0.07571428571428572,0.24895000000046963,0.9871999999990777,11.054239549876018,(gap/tau_g)^2+(speed/tau_v)^2+(lateral/tau_y)^2,False
No robust tightening,2.52880582865884,Proposed,near_boundary,6110,2.65,2,aware,no_tightening,0.65,0.92,5,1.3976808348842222,3.6778961241356294,0.14831603535735663,1.4623043383622838,4.309658196057725,0.0,0.0,0.06837606837606838,700,49,700,184.6215591133876,0.07,0.26864999999975936,1.18029999999969,10.924340621159937,(gap/tau_g)^2+(speed/tau_v)^2+(lateral/tau_y)^2,False
No robust tightening,2.52880582865884,Proposed,near_boundary,6111,2.65,2,aware,no_tightening,0.65,0.92,5,1.389086040620804,3.6926993279946543,0.14752852737974925,1.5845328710106907,4.309658196057725,0.0,0.0,0.07122507122507123,700,45,700,185.09185759772635,0.06428571428571428,0.25764999999999816,0.9890000000005728,10.93160290855743,(gap/tau_g)^2+(speed/tau_v)^2+(lateral/tau_y)^2,False
No robust tightening,2.52880582865884,Proposed,near_boundary,6112,2.65,2,aware,no_tightening,0.65,0.92,5,1.393070242298953,3.7166142012885968,0.1468429686557559,1.5329923003539352,4.309658196057725,0.0,0.0,0.07122507122507123,700,72,700,185.49926270707113,0.10285714285714286,0.2998000000005163,0.9303999999996648,11.036668254816382,(gap/tau_g)^2+(speed/tau_v)^2+(lateral/tau_y)^2,False
No robust tightening,2.52880582865884,Proposed,near_boundary,6113,2.65,2,aware,no_tightening,0.65,0.92,5,1.3843592882018994,3.7030536376827126,0.14810983071368056,1.4932877435187375,4.309658196057725,0.0,0.0,0.07122507122507123,700,42,700,184.80059451281028,0.06,0.2833999999998227,1.0073999999988814,10.951664082055673,(gap/tau_g)^2+(speed/tau_v)^2+(lateral/tau_y)^2,False
No robust tightening,2.52880582865884,Proposed,near_boundary,6114,2.65,2,aware,no_tightening,0.65,0.92,5,1.4000205387864695,3.6940529286861628,0.1477007157306866,1.5062763782212076,4.309658196057725,0.0,0.0,0.07122507122507123,700,71,700,184.97270041569695,0.10142857142857142,0.2860500000005928,0.8654000000003492,10.992192912237476,(gap/tau_g)^2+(speed/tau_v)^2+(lateral/tau_y)^2,False
No robust tightening,2.52880582865884,Proposed,near_boundary,6115,2.65,2,aware,no_tightening,0.65,0.92,5,1.388074507361797,3.6939533229447052,0.14761456408887105,1.4992252589640005,4.309658196057725,0.0,0.0,0.07407407407407407,700,98,700,185.01832512148675,0.14,0.2777500000004096,0.8570999999992779,10.931969552232326,(gap/tau_g)^2+(speed/tau_v)^2+(lateral/tau_y)^2,False
No robust tightening,2.52880582865884,Proposed,near_boundary,6116,2.65,2,aware,no_tightening,0.65,0.92,5,1.385120993120275,3.687192311682531,0.1483197051598077,1.5025192903756448,4.309658196057725,0.0,0.0,0.07407407407407407,700,44,700,184.69797410100472,0.06285714285714286,0.28124999999956657,1.1769999999984293,10.897164013072977,(gap/tau_g)^2+(speed/tau_v)^2+(lateral/tau_y)^2,False
No robust tightening,2.52880582865884,Proposed,near_boundary,6117,2.65,2,aware,no_tightening,0.65,0.92,5,1.3787182155896203,3.697037265670979,0.14763672793609836,1.5029759809904613,4.309658196057725,0.0,0.0,0.07122507122507123,700,50,700,185.02697897877445,0.07142857142857142,0.280200000001507,1.0209000000003243,10.897741240216002,(gap/tau_g)^2+(speed/tau_v)^2+(lateral/tau_y)^2,False
No robust tightening,2.52880582865884,Proposed,near_boundary,6118,2.65,2,aware,no_tightening,0.65,0.92,5,1.4050292718231994,3.715826405165875,0.14689030618818336,1.511475368316093,4.309658196057725,0.0,0.0,0.07122507122507123,700,70,700,185.463815285224,0.1,0.2422499999994443,0.5603000000000691,11.09351748478883,(gap/tau_g)^2+(speed/tau_v)^2+(lateral/tau_y)^2,False
No robust tightening,2.52880582865884,Proposed,near_boundary,6119,2.65,2,aware,no_tightening,0.65,0.92,5,1.3983225028391995,3.692158086294125,0.14811179754521075,1.523201177269183,4.309658196057725,0.0,0.0,0.07407407407407407,700,79,700,184.83261923650946,0.11285714285714285,0.24414999999944342,0.7521999999990925,10.979644880964285,(gap/tau_g)^2+(speed/tau_v)^2+(lateral/tau_y)^2,False
No robust tightening,2.52880582865884,Proposed,near_boundary,6120,2.65,2,aware,no_tightening,0.65,0.92,5,1.3907428618948832,3.705580375567769,0.14765492091836477,1.4559885585580767,4.309658196057725,0.0,0.0,0.07407407407407407,700,39,700,185.07200888573712,0.055714285714285716,0.2638500000005095,0.8718999999999255,10.989344736356847,(gap/tau_g)^2+(speed/tau_v)^2+(lateral/tau_y)^2,False
No robust tightening,2.52880582865884,Proposed,near_boundary,6121,2.65,2,aware,no_tightening,0.65,0.92,5,1.4159948194069447,3.7297008149605806,0.14652148103623727,1.5254420826104012,4.309658196057725,0.0,0.0,0.06837606837606838,700,119,700,185.6728138274162,0.17,0.23894999999996003,1.190700000000433,11.198511205736091,(gap/tau_g)^2+(speed/tau_v)^2+(lateral/tau_y)^2,False
No robust tightening,2.52880582865884,Proposed,near_boundary,6122,2.65,2,aware,no_tightening,0.65,0.92,5,1.3910611085318112,3.6912260606294125,0.14744809741071224,1.4957346571878636,4.309658196057725,0.0,0.0,0.07692307692307693,700,48,700,185.11288966631392,0.06857142857142857,0.2743000000000606,0.8694999999985242,10.935221272516904,(gap/tau_g)^2+(speed/tau_v)^2+(lateral/tau_y)^2,False
No robust tightening,2.52880582865884,Proposed,near_boundary,6123,2.65,2,aware,no_tightening,0.65,0.92,5,1.4115668649365265,3.7224890203713366,0.14691823458297074,1.470798884243739,4.309658196057725,0.0,0.0,0.07692307692307693,700,46,700,185.48387775363457,0.06571428571428571,0.2526999999989954,1.1702000000006763,11.151743214338161,(gap/tau_g)^2+(speed/tau_v)^2+(lateral/tau_y)^2,False
No robust tightening,2.52880582865884,Proposed,near_boundary,6124,2.65,2,aware,no_tightening,0.65,0.92,5,1.382423179054755,3.7055454443872238,0.14734938909674467,1.5011436170063879,4.309658196057725,0.0,0.0,0.06837606837606838,700,48,700,185.25800509180388,0.06857142857142857,0.2692999999993617,1.1308999999997127,10.945942681517993,(gap/tau_g)^2+(speed/tau_v)^2+(lateral/tau_y)^2,False
No robust tightening,2.52880582865884,Proposed,near_boundary,6125,2.65,2,aware,no_tightening,0.65,0.92,5,1.4177068332199325,3.70571935381731,0.1472980796534903,1.5227068020217922,4.309658196057725,0.0,0.0,0.07122507122507123,700,45,700,185.2364767193014,0.06428571428571428,0.28124999999956657,1.230900000001256,11.121864667760777,(gap/tau_g)^2+(speed/tau_v)^2+(lateral/tau_y)^2,False
No robust tightening,2.52880582865884,Proposed,near_boundary,6126,2.65,2,aware,no_tightening,0.65,0.92,5,1.3904645366376331,3.7102064435437203,0.14735833742322021,1.4322212142494104,4.309658196057725,0.0,0.0,0.07122507122507123,700,28,700,185.20546325162277,0.04,0.2694999999999226,1.0693999999986659,11.00328421959268,(gap/tau_g)^2+(speed/tau_v)^2+(lateral/tau_y)^2,False
No robust tightening,2.52880582865884,Proposed,near_boundary,6127,2.65,2,aware,no_tightening,0.65,0.92,5,1.3894152341669301,3.716647894932996,0.147199327494046,1.4375222687813987,4.309658196057725,0.0,0.0,0.07122507122507123,700,27,700,185.28274578669098,0.03857142857142857,0.2890000000004278,0.5798999999999666,11.021335639065615,(gap/tau_g)^2+(speed/tau_v)^2+(lateral/tau_y)^2,False
No robust tightening,2.52880582865884,Proposed,near_boundary,6128,2.65,2,aware,no_tightening,0.65,0.92,5,1.3985757356792905,3.711807732002385,0.14709425869625853,1.5090783060324124,4.309658196057725,0.0,1.1102230246251565e-16,0.06837606837606838,700,47,700,185.34411025274588,0.06714285714285714,0.27920000000047906,0.5691999999992703,11.047621627127237,(gap/tau_g)^2+(speed/tau_v)^2+(lateral/tau_y)^2,False
No robust tightening,2.52880582865884,Proposed,near_boundary,6129,2.65,2,aware,no_tightening,0.65,0.92,5,1.404436676155542,3.693456638276296,0.1474476557962133,1.4898677500431705,4.309658196057725,0.0,0.0,0.07407407407407407,700,56,700,185.1429618733826,0.08,0.25165000000004767,0.453600000000165,11.010095699640084,(gap/tau_g)^2+(speed/tau_v)^2+(lateral/tau_y)^2,False
No robust tightening,2.52880582865884,Proposed,near_boundary,6130,2.65,2,aware,no_tightening,0.65,0.92,5,1.4020477404089597,3.7146816223924284,0.14683757480164622,1.5050423410850662,4.309658196057725,0.0,0.0,0.07692307692307693,700,48,700,185.4651672857699,0.06857142857142857,0.2607000000001136,0.3929999999989775,11.073911397352138,(gap/tau_g)^2+(speed/tau_v)^2+(lateral/tau_y)^2,False
