time_s,method,gap_f1_m,minimum_gap_m,safe_gap_f1_m,minimum_safe_margin_m,leader_speed_mps,f1_speed_mps,mean_packet_age_s,available_packet_fraction,curvature_m_inv,friction,minimum_friction_reserve_fraction
0.0,Zheng et al. (2024),55.5,55.499999999999986,27.362314072877318,23.306803193563624,25.000857321298398,24.996956031779273,0.0,1.0,5.719573183866067e-06,0.78,0.9884915100173063
0.1,Zheng et al. (2024),55.500144156338216,55.49981242828288,27.34599843670223,23.321900027775435,25.00056222932635,24.987402653183704,0.08,1.0,6.534175995044577e-06,0.78,0.9828376992361927
0.2,Zheng et al. (2024),55.50092857900996,55.499324482920876,27.30449002485215,23.334090674691467,25.003265378357273,24.988246936349956,0.18,1.0,7.464604860784845e-06,0.78,0.988175777178106
0.30000000000000004,Zheng et al. (2024),55.50231964777744,55.49802431237014,27.299461765480594,23.297052727985367,25.00170801586581,24.988373350818726,0.24000000000000005,1.0,8.527269992608027e-06,0.78,0.9806940540637097
0.4,Zheng et al. (2024),55.503731876114294,55.49722968339021,27.30513127486302,23.315400160036376,24.996340329969406,24.97914512705599,0.34,1.0,9.740888685187547e-06,0.78,0.9708685468158235
0.5,Zheng et al. (2024),55.505223327018626,55.496349872673,27.281623235313656,23.3061890486833,24.997456890336522,24.97701426799634,0.44000000000000006,1.0,1.1126804204856454e-05,0.78,0.974840034758772
0.6000000000000001,Zheng et al. (2024),55.507124825123526,55.49474376734713,27.26855140170013,23.26855831402579,25.001571721109563,24.980548183330267,0.4,1.0,1.2709347087278194e-05,0.78,0.9858235456469039
0.7000000000000001,Zheng et al. (2024),55.509166510436785,55.49303959329038,27.270899855703423,23.287638854953208,25.004305536488012,24.989423310079054,0.4600000000000001,1.0,1.4516243970550484e-05,0.78,0.9883083360222763
0.8,Zheng et al. (2024),55.51102108209744,55.49129857260017,27.301511526165005,23.32992564697782,25.00027348085416,24.984606729846355,0.5599999999999999,1.0,1.6579079547462016e-05,0.78,0.9857380908241082
0.9,Zheng et al. (2024),55.512529274091406,55.49002311659602,27.29329372192673,23.3243671543851,25.00347685788091,24.98289311484387,0.5599999999999999,1.0,1.8933817663615597e-05,0.78,0.9798828674176361
1.0,Zheng et al. (2024),55.51430699367665,55.48894558847141,27.275301856656405,23.358337485630557,25.001433450323418,24.977534338213857,0.6599999999999999,1.0,2.162138799221791e-05,0.78,0.9842615688519889
1.1,Zheng et al. (2024),55.51646518688271,55.487722292218436,27.2582144689556,23.326356216005337,25.003036200200945,24.980150271689496,0.68,0.4,2.4688345047526814e-05,0.78,0.9844555314873015
1.2000000000000002,Zheng et al. (2024),55.51884953151047,55.487051472519134,27.264713851009756,23.281510121734833,25.006208090019815,24.980116272850882,0.78,0.4,2.8187606511147708e-05,0.78,0.9739328466417693
1.3,Zheng et al. (2024),55.52127375359767,55.487064706038325,27.2543277472346,23.21949889963632,25.009028116731997,24.97554943716255,0.8800000000000001,0.4,3.2179277876865945e-05,0.78,0.9837359419053874
1.4000000000000001,Zheng et al. (2024),55.52413489871126,55.486729856652495,27.224947244357754,23.227886886397386,25.006835424531015,24.975388427599025,0.9400000000000001,0.4,3.673157018921946e-05,0.78,0.9877545772660872
1.5,Zheng et al. (2024),55.52739631950502,55.48575982122026,27.231519774083324,23.235820125708898,25.005331851248442,24.97042181106648,1.02,0.4,4.1921817052800065e-05,0.78,0.9901064981554323
1.6,Zheng et al. (2024),55.53068927625638,55.484660016936644,27.214499971031863,23.27694367491123,25.001644984230094,24.9713454153026,1.1,0.4,4.783759598764797e-05,0.78,0.9789617867564311
1.7000000000000002,Zheng et al. (2024),55.53403999707204,55.48333885081491,27.230810435948676,23.260579837609356,25.000125291744695,24.97300965988511,1.2000000000000002,0.4,5.457795742923407e-05,0.78,0.9769867936512372
1.8,Zheng et al. (2024),55.53693755231963,55.48251674288531,27.243377042578736,23.208730159186892,25.002261688873517,24.97490446335074,1.18,0.4,6.225476200493626e-05,0.78,0.9880817794196348
1.9000000000000001,Zheng et al. (2024),55.539648673173,55.48171314304543,27.245082860962356,23.211309463337464,24.99558753865939,24.974679011203836,1.2600000000000002,0.4,7.099412289921846e-05,0.78,0.98676241764241
2.0,Zheng et al. (2024),55.542138197364565,55.48080796272467,27.266124311391,23.15242483133614,24.996188581282546,24.978695169336667,0.9800000000000001,0.6,8.093794482941196e-05,0.78,0.9870645187066613
2.1,Zheng et al. (2024),55.5440613201608,55.48039688541329,27.282357811752092,23.162104214298765,24.997331580755695,24.97308599050443,0.96,0.6,9.22455440189177e-05,0.78,0.9852480499524537
2.2,Zheng et al. (2024),55.54606980843972,55.47901574015463,27.25406443649473,23.178404886164166,25.001507331055475,24.97492302094714,0.8400000000000001,0.6,0.00010509532414639702,0.78,0.975406002883236
2.3000000000000003,Zheng et al. (2024),55.548614418957555,55.47654320019357,27.249059380217354,23.182685320423637,24.997992523420915,24.974311591902584,0.8800000000000001,0.6,0.0001196864710958963,0.78,0.9767745160481135
2.4000000000000004,Zheng et al. (2024),55.55113908205076,55.474216730960094,27.258316862388227,23.178522931461615,24.997553876340888,24.978889016304684,0.9199999999999999,0.6,0.00013624061394127706,0.78,0.9809065741472252
2.5,Zheng et al. (2024),55.55333766708617,55.47239394386368,27.280713920672206,23.229889905859928,24.995803243618155,24.974346952021595,0.9600000000000002,0.6,0.0001550033804979503,0.78,0.9792331553143636
2.6,Zheng et al. (2024),55.555271040352416,55.47172493499549,27.266912220399977,23.266404350016728,24.99266853007782,24.970507176278673,1.0,0.6,0.00017624575258543974,0.78,0.9740126762032775
2.7,Zheng et al. (2024),55.557459355994574,55.4700506886584,27.26086678965475,23.251493854544343,24.991933970054312,24.96617030223514,0.96,0.6,0.0002002650986802917,0.78,0.9746821268080302
2.8000000000000003,Zheng et al. (2024),55.559851901960606,55.46739138660879,27.244913135053093,23.23792297772379,24.9904360333292,24.966000567222515,0.9800000000000001,0.6,0.00022738573005936055,0.78,0.9769033884133687
2.9000000000000004,Zheng et al. (2024),55.56233726477388,55.46496842772029,27.2501580250996,23.203605827249973,24.99124724646059,24.972576450252802,0.82,0.6,0.00025795879154490956,0.78,0.9759404101034994
3.0,Zheng et al. (2024),55.564576198684875,55.46309026424618,27.27809975827181,23.17971809444832,24.99135381038535,24.977917058762177,0.8600000000000001,0.6,0.00029236126107898833,0.78,0.9755235423877071
3.1,Zheng et al. (2024),55.566231495825434,55.461819188881556,27.30309146527449,23.16366459030082,24.99054832432641,24.981217281955107,0.9,0.6,0.00033099379620668535,0.78,0.9703817171911622
3.2,Zheng et al. (2024),55.56741886458135,55.46116629221992,27.32226121776929,23.179441689121802,24.98825714239315,24.98894243096499,0.9200000000000002,0.6,0.00037427713422265074,0.78,0.9621540725697655
3.3000000000000003,Zheng et al. (2024),55.56797352138944,55.460929755551035,27.366378149224822,23.16320731139679,24.984836956851506,24.991708227767944,0.9,0.6,0.00042264673208672034,0.78,0.9638310807990667
3.4000000000000004,Zheng et al. (2024),55.567644751254335,55.4585537220831,27.39248371913481,23.182928704484503,24.988711725758304,24.995756513505405,0.96,0.6,0.0004765453300616304,0.78,0.9573936439191497
3.5,Zheng et al. (2024),55.566937438644636,55.457102635554804,27.400919431161448,23.24186814964493,24.987116108257936,24.995451811022246,1.02,0.6,0.0005364131490995291,0.78,0.9557552466754554
3.6,Zheng et al. (2024),55.566186609440756,55.45684752215238,27.408357821285936,23.270599162109598,24.988021704742795,25.001696495546984,0.9400000000000001,0.6,0.0006026754974583317,0.78,0.9480050385983235
3.7,Zheng et al. (2024),55.56512271001733,55.45686882559867,27.43755789154929,23.261385618103077,24.982014932168397,25.004116054862497,0.8400000000000001,0.6,0.0006757276783043129,0.78,0.9436407017066317
3.8000000000000003,Zheng et al. (2024),55.56342173499499,55.45652623447757,27.473119902795133,23.237021972445433,24.978619952774537,25.002356848607313,0.8800000000000001,0.6,0.0007559172668973399,0.78,0.9369244137607736
3.9000000000000004,Zheng et al. (2024),55.56114948211605,55.45600553413236,27.482239570672125,23.260806213801672,24.977203002162902,24.998563489208184,0.9,0.6,0.0008435240684808359,0.78,0.9282373400064021
4.0,Zheng et al. (2024),55.558815932927565,55.4559156595224,27.476654024427695,23.254934932836548,24.979169816115032,24.991795841203498,0.8600000000000001,0.6,0.0009387383729672022,0.78,0.9232563629536912
4.1000000000000005,Zheng et al. (2024),55.557073409210346,55.45541106902052,27.447492031219777,23.208464964637088,24.98244228597125,24.98978724746228,0.8800000000000001,0.6,0.001041638474254421,0.78,0.9120398152774538
4.2,Zheng et al. (2024),55.5559938552763,55.45424412204144,27.43653776079901,23.1846792771125,24.981443012056364,24.98957779066754,0.9,0.6,0.0011521687890385889,0.78,0.9032689971540493
4.3,Zheng et al. (2024),55.555227361643055,55.45320835442849,27.44916715876943,23.183330966519314,24.984649823621776,24.988595987201897,0.8800000000000001,0.6,0.0012701202436901696,0.78,0.8974031405533625
4.4,Zheng et al. (2024),55.55460129973274,55.4524744616867,27.44565519001079,23.16806898915509,24.98537986620999,24.984985309522386,0.9199999999999999,0.6,0.0013951148349257445,0.78,0.8865478028732219
4.5,Zheng et al. (2024),55.554380187473456,55.45214110698206,27.439842122773314,23.170999699189956,24.986513622440505,24.98596802650575,0.52,0.8,0.0015265963405538226,0.78,0.8764678454904588
4.6000000000000005,Zheng et al. (2024),55.55443647515692,55.45202231618299,27.45516522902606,23.123851102590187,24.983591313102256,24.985288150585504,0.58,0.8,0.0016638289968701194,0.78,0.8645851306746006
4.7,Zheng et al. (2024),55.554404177341816,55.451257529409475,27.4782220776817,23.07325570804757,24.979044553877774,24.984805963372125,0.6200000000000001,0.8,0.001805905529493966,0.78,0.8526596086927631
4.800000000000001,Zheng et al. (2024),55.554087011500464,55.449806719180735,27.509466345516284,23.020761669752893,24.977965085411977,24.980084683156782,0.5599999999999999,0.8,0.0019517652261205245,0.78,0.8398804055316041
4.9,Zheng et al. (2024),55.55360786411719,55.447891225377816,27.510768732842536,22.98873513332657,24.979846379324968,24.974013058687827,0.4800000000000001,0.8,0.0021002218278699096,0.78,0.8284874728471654
5.0,Zheng et al. (2024),55.55372805786677,55.44633035299259,27.496742026103774,23.004416428350424,24.984014935384877,24.974696386788768,0.5200000000000001,0.8,0.00225,0.78,0.8133954199468812
5.1000000000000005,Zheng et al. (2024),55.55445270705027,55.445641459814546,27.507530287350306,23.012696925277332,24.979461090433457,24.9755501619599,0.6000000000000001,0.8,0.0023997781721300914,0.78,0.8030997198342933
5.2,Zheng et al. (2024),55.55520440549632,55.44570505665275,27.550875667441794,23.01558275303207,24.97513824487159,24.98568565446866,0.62,0.8,0.0025482347738794765,0.78,0.7896923959652111
5.300000000000001,Zheng et al. (2024),55.55501616148778,55.44625812016863,27.63928690983643,22.997324458444837,24.974453163276884,24.979903471743935,0.66,0.8,0.002694094470506035,0.78,0.7784808437828807
5.4,Zheng et al. (2024),55.55413286370898,55.44692275926039,27.639340478548444,22.968062756698238,24.97543726205132,24.976139836673184,0.6000000000000001,0.8,0.002836171003129881,0.78,0.7658521763129571
5.5,Zheng et al. (2024),55.55381684270818,55.44791465318618,27.643254362139672,22.959529098164516,24.971958060791977,24.97848438667389,0.6000000000000001,0.8,0.002973403659446177,0.78,0.7540904678474384
5.6000000000000005,Zheng et al. (2024),55.55348480469929,55.44958832839739,27.69335411332975,22.97805507206195,24.97016481735855,24.982597715212492,0.66,0.8,0.0031048851650742567,0.78,0.7429340002863651
5.7,Zheng et al. (2024),55.55263035944042,55.451852291704135,27.746324961551686,22.94085459414675,24.97222540839667,24.987277271911292,0.6599999999999999,0.8,0.00322987975630983,0.78,0.7321237016872103
5.800000000000001,Zheng et al. (2024),55.55122976565156,55.45384187189071,27.78785361306952,22.912085194908734,24.97083934870087,24.986463650211757,0.74,0.6,0.003347831210961412,0.78,0.7225196896708608
5.9,Zheng et al. (2024),55.54970245461909,55.455559279228886,27.81423313045495,22.859688487348464,24.964963458139025,24.9810172593527,0.78,0.6,0.003458361525745579,0.78,0.7129028987734779
6.0,Zheng et al. (2024),55.54812514993433,55.45706436450309,27.833258732278832,22.844054442342383,24.965976474796,24.984762289236937,0.78,0.6,0.0035612616270327972,0.78,0.7045178821954619
6.1000000000000005,Zheng et al. (2024),55.54642913324755,55.458895968779785,27.871936575651475,22.83606936206202,24.96918060365191,24.98226353807668,0.8400000000000002,0.6,0.003656475931519165,0.78,0.6964366087517329
6.2,Zheng et al. (2024),55.54479966229406,55.46096953181831,27.869028187796268,22.831214869165663,24.965737618308292,24.989560705803285,0.74,0.6,0.0037440827331026603,0.78,0.6890140026721032
6.300000000000001,Zheng et al. (2024),55.54304049922694,55.463002851370995,27.941062720747244,22.808504535978976,24.964987368495688,24.986892351602425,0.82,0.6,0.0038242723216956875,0.78,0.6827215279744174
6.4,Zheng et al. (2024),55.540714268709,55.46527646838229,27.94986289603416,22.81820626883171,24.956414953739117,24.986112329616834,0.86,0.6,0.0038973245025416686,0.78,0.6768470602900871
6.5,Zheng et al. (2024),55.538244495890744,55.46801023440966,27.9977537182668,22.800846709935115,24.960904976822302,24.990133147046137,0.86,0.6,0.003963586850900471,0.78,0.6715395810175282
6.6000000000000005,Zheng et al. (2024),55.53525581886148,55.47038892107017,28.01832966237358,22.72158880245523,24.95978617160615,24.984340811877438,0.9400000000000002,0.6,0.00402345466993837,0.78,0.6666857511301018
6.7,Zheng et al. (2024),55.532566592312826,55.471618714316726,28.007759489931377,22.65178475485265,24.954881562269744,24.981371397820755,0.9,0.6,0.00407735326791328,0.78,0.6623451371890838
6.800000000000001,Zheng et al. (2024),55.529997971046974,55.472103185561174,28.025730120527555,22.61492200000807,24.9583194906279,24.981292279906,0.8799999999999999,0.6,0.004125722865777349,0.78,0.6588244627465083
6.9,Zheng et al. (2024),55.52747734057365,55.47210271441546,28.024480065707614,22.56507660085446,24.95507145476383,24.98194664175899,0.9400000000000001,0.6,0.004169006203793315,0.78,0.6552657462090803
7.0,Zheng et al. (2024),55.525049618808715,55.4713383234705,28.05270325743238,22.515338700854564,24.95023695633032,24.98417782098653,0.9400000000000001,0.6,0.004207638738921012,0.78,0.6522814830740895
7.1000000000000005,Zheng et al. (2024),55.52207313283245,55.47031870659032,28.094770960333644,22.51388919610224,24.95567182516414,24.98701686163251,0.62,0.8,0.00424204120845509,0.78,0.6502929720032813
7.2,Zheng et al. (2024),55.5188049132777,55.46948124398479,28.097682391082635,22.513912387464046,24.948366578455907,24.986576865184155,0.3,1.0,0.0042726142699406385,0.78,0.6474268256847882
7.300000000000001,Zheng et al. (2024),55.51537110056521,55.46868049235627,28.13351167619445,22.487901750376935,24.94790753550399,24.98185536552575,0.38,1.0,0.0042997349013197085,0.78,0.6461821466586186
7.4,Zheng et al. (2024),55.51172160187574,55.46782647424085,28.117503336439817,22.47661125250368,24.94902172180513,24.98767756522979,0.44000000000000006,1.0,0.00432375424741456,0.78,0.6445155775824699
7.5,Zheng et al. (2024),55.50816363737146,55.46716521040771,28.151421412416255,22.50205665253283,24.950551437107436,24.98744071864987,0.52,1.0,0.00434499661950205,0.78,0.6430763758850284
7.6000000000000005,Zheng et al. (2024),55.50434467810194,55.46685791074613,28.150006429268377,22.48246993212392,24.951914889355127,24.987368046770158,0.58,1.0,0.004363759386058722,0.78,0.6406766736542093
7.7,Zheng et al. (2024),55.50069636114096,55.46627596425244,28.14945125130302,22.470166377884254,24.955029952018002,24.98315692819796,0.62,0.8,0.004380313528904103,0.78,0.6404478842328643
7.800000000000001,Zheng et al. (2024),55.497469896743404,55.46621312085532,28.118485883330596,22.5089967315919,24.960446108032013,24.98472369979931,0.6200000000000001,0.6,0.004394904675853603,0.78,0.6394686955739326
7.9,Zheng et al. (2024),55.494777959010285,55.46735298368619,28.108999041168616,22.56546216280725,24.95861983890162,24.981757777391195,0.6799999999999999,0.6,0.004407754455981082,0.78,0.6383100917333625
8.0,Zheng et al. (2024),55.49243299633607,55.468955817832416,28.103971545199794,22.538311412954506,24.9619319217898,24.982338815210518,0.78,0.6,0.004419062055170587,0.78,0.6376746659737085
8.1,Zheng et al. (2024),55.49024073160333,55.468105091095744,28.09676345098007,22.45651107414667,24.961336843828192,24.983293015039862,0.8200000000000001,0.6,0.0044290058771007815,0.78,0.6363164908663647
8.200000000000001,Zheng et al. (2024),55.48809730694992,55.46707294082247,28.10729873940499,22.47634477348386,24.962164304992545,24.993499021903286,0.9,0.6,0.004437745237995064,0.78,0.6363662427450936
8.3,Zheng et al. (2024),55.48556508504421,55.4658698162412,28.162407138098352,22.468744031446384,24.961611228582274,25.000921751542318,1.0000000000000002,0.6,0.004445422042570766,0.78,0.6352611956603917
8.4,Zheng et al. (2024),55.48212182445442,55.465812966199685,28.20772531666545,22.413764361907205,24.954603854243143,25.00255339679948,1.08,0.6,0.004452162404012351,0.78,0.635360173584375
8.5,Zheng et al. (2024),55.477800480737436,55.46691345172372,28.247643761328977,22.412600148243975,24.956751849710876,24.99256033714313,1.14,0.4,0.0044580781829472,0.78,0.634999186620617
8.6,Zheng et al. (2024),55.473473531742194,55.46660391601011,28.18558638207245,22.3726927198634,24.960295016811624,24.989172262428575,1.2200000000000002,0.4,0.00446326842981078,0.78,0.6346128901511059
8.700000000000001,Zheng et al. (2024),55.47016405407293,55.46505106380942,28.15383954715191,22.414966990207354,24.962400994685332,24.983264631617903,1.3,0.4,0.004467820722123134,0.78,0.6339762158925262
8.8,Zheng et al. (2024),55.467619871525976,55.464146720452256,28.11396630420316,22.414686571252048,24.963605768063513,24.97946610452916,1.3599999999999999,0.2,0.004471812393488852,0.78,0.6337375185774032
8.9,Zheng et al. (2024),55.46570820182736,55.46324133494341,28.08924250686223,22.426749685297573,24.95642466355367,24.98310979068186,1.34,0.2,0.0044753116549524725,0.78,0.6340785865999752
9.0,Zheng et al. (2024),55.46371177423236,55.46247069695124,31.130972914458585,18.895313693920095,24.960118690966553,24.97948830986919,1.4,0.2,0.004478378612007782,0.62,0.5391411572534919
9.1,Zheng et al. (2024),55.461315085323,55.461315085323,31.08219696869227,18.928793727281025,24.960857233973535,24.97657369070062,1.4600000000000002,0.2,0.004481066182336384,0.62,0.5392902563569499
9.200000000000001,Zheng et al. (2024),55.45952363565291,55.45952363565291,31.056732170996995,18.930534932611742,24.960654140127794,24.976478225386185,1.5,0.2,0.004483420920452537,0.62,0.5392790890941443
9.3,Zheng et al. (2024),55.45798605052277,55.45798605052277,31.05905318198071,18.896657558598093,24.962798946751246,24.96889700963993,1.56,0.2,0.004485483756029449,0.62,0.539146842816968
9.4,Zheng et al. (2024),55.45675854736876,55.45675854736876,30.987561230250915,18.949191101704265,24.962167800525865,24.963327979783397,1.6199999999999999,0.2,0.004487290652912721,0.62,0.5388049485067501
9.5,Zheng et al. (2024),55.45633225742042,55.45633225742042,30.948765518699936,18.991040092058704,24.959605783951737,24.96174498257201,1.6600000000000001,0.2,0.004488873195795143,0.62,0.539036171193249
9.600000000000001,Zheng et al. (2024),55.456218955246406,55.456218955246406,30.95313012730658,19.07372766027904,24.955647791725095,24.961920698965347,1.6400000000000001,0.2,0.004490259111314812,0.62,0.5387929738585833
9.700000000000001,Zheng et al. (2024),55.45585174423328,55.45585174423328,30.979793757191725,19.053738009866144,24.949156851258714,24.959619683044366,1.6199999999999999,0.2,0.004491472730007392,0.62,0.5385382901185605
9.8,Zheng et al. (2024),55.45503852232388,55.45503852232388,31.002223375408988,19.017191239136373,24.955273431070673,24.958127831089996,1.6199999999999999,0.2,0.004492535395139215,0.62,0.5384326952055242
9.9,Zheng et al. (2024),55.45429594276154,55.45429594276154,30.953827978973305,18.99736750461969,24.955837225586883,24.951409586249312,1.64,0.2,0.004493465824004955,0.62,0.5383561204482982
10.0,Zheng et al. (2024),55.45430781244925,55.451783411255754,30.89796215182419,19.021166327405815,24.95526192186981,24.958871487651017,1.64,0.2,0.0044942804268161335,0.62,0.5374312888612985
10.100000000000001,Zheng et al. (2024),55.45445739581668,55.44871251384661,30.961115214496687,19.051127534959143,24.95626759810383,24.95861146488508,1.64,0.2,0.004494993587852128,0.62,0.5381181794360784
10.200000000000001,Zheng et al. (2024),55.45412296195084,55.44611018177921,30.95344657426073,19.028276807399564,24.958983140062685,24.96301490403476,1.6600000000000001,0.2,0.0044956179131053235,0.62,0.5377217261604608
10.3,Zheng et al. (2024),55.45381215471067,55.44399278503523,30.972148979880206,18.97556940175044,24.9634002021058,24.96278794365407,1.6800000000000002,0.2,0.004496164448234264,0.62,0.5380397300567086
10.4,Zheng et al. (2024),55.45358536306011,55.44284224852553,30.94370770223121,18.991496869351018,24.95980523552074,24.961626827218137,1.7,0.2,0.0044966428702477345,0.62,0.5379293045958252
10.5,Zheng et al. (2024),55.453562890952604,55.44214476519179,30.95690789172162,18.954496324162626,24.955667758689337,24.961076386667273,1.72,0.2,0.004497061655981013,0.62,0.5382795946020421
10.600000000000001,Zheng et al. (2024),55.45321395466677,55.441421668778055,30.978214367358074,18.966427880366055,24.9547134161525,24.951130791404463,1.7399999999999998,0.2,0.004497428230093888,0.62,0.5384206487131842
10.700000000000001,Zheng et al. (2024),55.45306474340381,55.43970523873208,30.905631474495614,18.96480354305396,24.9595469689179,24.943168757624903,1.7600000000000002,0.2,0.0044977490950181415,0.62,0.5379744652525311
10.8,Zheng et al. (2024),55.453911295603596,55.436877200701254,30.81330830549954,18.97815094047437,24.962391143883682,24.940376033303398,1.78,0.2,0.004498029945009008,0.62,0.5378466160456894
10.9,Zheng et al. (2024),55.45579137550589,55.43346262674877,30.774014145096082,18.950249470532277,24.957421255884213,24.94189523354352,1.8,0.2,0.004498275766209129,0.62,0.5367380116080032
11.0,Zheng et al. (2024),55.457750565872765,55.42967586937275,30.816657930255783,18.988763261045477,24.95362747473216,24.94242514520748,1.8199999999999998,0.0,0.0044984909244129,0.62,0.538077381035694
11.100000000000001,Zheng et al. (2024),55.45912098152109,55.42531022711976,30.844245140146803,19.023995058558533,24.952605520206923,24.947089561171882,1.8399999999999999,0.0,0.004498679242021972,0.62,0.537622685741605
11.200000000000001,Zheng et al. (2024),55.46004554552655,55.420543535990255,30.887522400088013,19.030982516174568,24.953118427392944,24.95578923477461,1.86,0.0,0.004498844065506916,0.62,0.537594757204939
11.3,Zheng et al. (2024),55.46027525685596,55.416536276137926,30.95333709242943,18.982803566462515,24.95330345712043,24.963094381886012,1.8800000000000001,0.0,0.00449898832453395,0.62,0.5373791281649998
11.4,Zheng et al. (2024),55.45971404958379,55.41349697780203,31.01016193520755,18.991887896936056,24.95516735231453,24.967224430595408,1.9,0.0,0.00449911458377703,0.62,0.5366854105203901
11.5,Zheng et al. (2024),55.45862766990981,55.41163686808486,31.031567656787985,18.98283646396898,24.954285892209214,24.96637307360879,1.92,0.0,0.004499225088312964,0.62,0.5366917752319835
11.600000000000001,Zheng et al. (2024),55.457424079556795,55.4106668807383,31.03030611941739,19.04388820851792,24.956015188222995,24.96602550398855,1.94,0.0,0.00449932180338873,0.62,0.5372089945671366
11.700000000000001,Zheng et al. (2024),55.456296128185066,55.40969994418044,31.017032781351375,19.04561115108048,24.958478299243225,24.964854472137382,1.9600000000000002,0.0,0.004499406449254475,0.62,0.5368788132520163
11.8,Zheng et al. (2024),55.455455392355525,55.40818748596087,30.992725425327727,19.061028426202256,24.96467328970221,24.964972609645788,1.98,0.0,0.004499480531671149,0.62,0.5373206160455981
11.9,Zheng et al. (2024),55.455026742202215,55.40665579667971,30.955738339633935,19.07450012381002,24.964408022643312,24.963135992405807,2.0,0.0,0.004499545368627415,0.62,0.5375119482009902
12.0,Zheng et al. (2024),55.45503547133713,55.40510376836128,30.942862672138755,19.075700490639093,24.818663692707116,24.965868792138046,2.0,0.0,0.004499602113734914,0.62,0.0
12.100000000000001,Zheng et al. (2024),55.4509049115866,55.4034902037609,31.85119100719563,19.107913180299917,24.518170342787332,24.956844635431647,2.0,0.0,0.004499651776713418,0.62,0.0
12.200000000000001,Zheng et al. (2024),55.42543788170945,55.401568175553656,33.56367853341191,19.096424467728482,24.12251367789122,24.940321263539634,2.0,0.0,0.004499695241326711,0.62,0.0
12.3,Zheng et al. (2024),55.366854183630686,55.366854183630686,35.696076739456174,19.089228674313844,23.67549852378185,24.919850543389,2.0,0.0,0.004499733281085607,0.62,0.0
12.4,Zheng et al. (2024),55.2682430242182,55.2682430242182,37.982073739450186,17.286169284768015,23.20208138871242,24.885383705020548,2.0,0.0,0.0044997665729954095,0.62,0.0
12.5,Zheng et al. (2024),55.126287423876555,55.126287423876555,40.186123595366396,14.940163828510158,22.70965592692655,24.828306161367387,2.0,0.0,0.004499795709590838,0.62,0.0
12.600000000000001,Zheng et al. (2024),54.94051998967236,54.94051998967236,42.19609421528506,12.744425774387302,22.20343338153948,24.745417096556103,2.0,0.0,0.004499821209471383,0.62,0.0015308496563930518
12.700000000000001,Zheng et al. (2024),54.711555946972105,54.711555946972105,43.961917822071825,10.74963812490028,21.686796532511302,24.639184375672095,2.0,0.0,0.004499843526523625,0.62,0.009166177876250181
12.8,Zheng et al. (2024),54.440819980980216,54.440819980980216,45.49205107404048,8.948768906939733,21.17110614645498,24.51074646298316,2.0,0.0,0.004499863057993947,0.62,0.016831768504510958
12.9,Zheng et al. (2024),54.12997543299485,54.12997543299485,46.754075099060564,7.375900333934283,20.656011176639026,24.36978558825167,2.0,0.0,0.004499880151554781,0.62,0.024207330285425654
13.0,Zheng et al. (2024),53.780929941497156,53.780929941497156,47.83548842108475,5.945441520412409,20.136344593569948,24.207057750002367,2.0,0.0,0.004499895111489714,0.62,0.031086647982700333
13.100000000000001,Zheng et al. (2024),53.3951203282682,53.3951203282682,48.69858566971712,4.69653465855108,19.612418514257467,24.0209802579468,2.0,0.0,0.00449990820410724,0.62,0.037374642771239586
13.200000000000001,Zheng et al. (2024),52.974369928720186,52.974369928720186,49.3411197836579,3.6332501450622843,19.092205553551242,23.819555226401217,2.0,0.0,0.004499919662479291,0.62,0.043071072431895896
13.3,Zheng et al. (2024),52.52063128730196,52.52063128730196,49.80243816974098,2.718193117560979,18.57349073661702,23.59919854776206,2.0,0.0,0.004499929690588673,0.62,0.04821352054031569
13.4,Zheng et al. (2024),52.03587276421495,52.03587276421495,50.07662319124076,1.959249572974187,18.053865540304443,23.361152987011177,2.0,0.0,0.004499938466959119,0.62,0.05284974147976296
13.5,Zheng et al. (2024),51.52190937739743,51.52190937739743,50.19141435609256,1.3304950213048699,17.532617255637934,23.107073035664445,2.0,0.0,0.004499946147832463,0.62,0.05702928055216072
13.600000000000001,Zheng et al. (2024),50.980379513871405,50.980379513871405,50.169487515526214,0.8108919983451912,17.012555781455383,22.84727298037507,2.0,0.0,0.004499952869949394,0.62,0.06080802266684748
13.700000000000001,Zheng et al. (2024),50.41240500117703,50.41240500117703,50.07724298359848,0.335162017578547,16.491040070616275,22.567418253636625,2.0,0.0,0.004499958752983261,0.62,0.06423240831971222
13.8,Zheng et al. (2024),49.81919496804351,49.81919496804351,49.83556522331427,-0.01637025527075764,15.972580088189453,22.280874370681587,2.0,0.0,0.004499963901670157,0.62,0.0673426552783224
13.9,Zheng et al. (2024),49.20218739484988,49.20218739484988,49.523612607152536,-0.32142521230265686,15.451005972340928,21.980989921923126,2.0,0.0,0.004499968407673224,0.62,0.07016083189927047
14.0,Zheng et al. (2024),48.562407102821446,48.562407102821446,49.12207767685725,-0.5596705740358061,14.934651575512323,21.673209390270156,2.0,0.0,0.00449997235121429,0.62,0.07271721496268968
14.100000000000001,Zheng et al. (2024),47.900976612558786,47.900976612558786,48.64634351599677,-0.7453669034379828,14.417327818886871,21.353144197244674,2.0,0.0,0.004499975802501884,0.62,0.07502023169301397
14.200000000000001,Zheng et al. (2024),47.21914996056591,47.21914996056591,48.0912981571051,-0.8721481965391931,14.047477155180509,21.017748112866666,2.0,0.0,0.004499978822981047,0.62,0.2641218318812857
14.3,Zheng et al. (2024),46.52237225607427,46.52237225607427,47.0901515850794,-0.567779329005127,13.84321031427928,20.669054443954906,2.0,0.0,0.004499981466427148,0.62,0.2589130864575122
14.4,Zheng et al. (2024),45.83008994480172,45.83008994480172,45.64894204076751,0.1811479040342121,13.732231155124076,20.325612752058976,2.0,0.0,0.004499983779903194,0.62,0.30937837917888056
14.5,Zheng et al. (2024),45.15630733896631,45.15630733896631,44.05940190746631,1.096905431499998,13.66209905456141,19.988408332605083,2.0,0.0,0.0044999858045976565,0.62,0.34755214239171595
14.600000000000001,Zheng et al. (2024),44.5074379652845,44.5074379652845,42.45073937897602,2.0566985863084852,13.628958536516429,19.660140166298984,2.0,0.0,0.004499987576557724,0.62,0.38316360978278874
14.700000000000001,Zheng et al. (2024),43.88655339981852,43.88655339981852,40.84308620527257,3.043467194545947,13.60214787979887,19.348575659780387,2.0,0.0,0.004499989127331043,0.62,0.4074365548364792
14.8,Zheng et al. (2024),43.29483421380029,43.29483421380029,39.3419925816368,3.9528416321634907,13.596128831540822,19.054588540706632,2.0,0.0,0.004499990484527352,0.62,0.4411083748362866
14.9,Zheng et al. (2024),42.73177363154445,42.73177363154445,37.91169242785392,4.820081203690528,13.587846017838814,18.771182551482212,2.0,0.0,0.004499991672310022,0.62,0.46635063850038694
15.0,Zheng et al. (2024),42.19702169762183,42.19702169762183,36.56599121375651,5.631030483865317,13.579370857236473,18.507297757633186,2.0,0.0,0.004499992711826238,0.62,0.4670794156255855
15.100000000000001,Zheng et al. (2024),41.68898337403123,41.68898337403123,35.33821214306064,6.350771230970594,13.580741211297376,18.254561386332234,2.0,0.0,0.004499993621583489,0.62,0.4728508224196263
15.200000000000001,Zheng et al. (2024),41.206443924621446,41.206443924621446,34.161054593614324,7.045389331007122,13.578014166144524,18.013769046459,2.0,0.0,0.004499994417779065,0.62,0.48460552654617206
15.3,Zheng et al. (2024),40.74869828125974,40.74869828125974,33.06719064496695,7.6815076362927925,13.57772039170199,17.78900197667275,2.0,0.0,0.00449999511458842,0.62,0.4693948199235125
15.4,Zheng et al. (2024),40.314190855178644,40.314190855178644,32.05672476873845,7.887182949813848,13.577049760508396,17.57994834203443,2.0,0.0,0.004499995724417553,0.62,0.48812037569686606
15.5,Zheng et al. (2024),39.90151730569897,39.90151730569897,31.13123178918417,7.527495278791122,13.573500871294124,17.387097614130422,2.0,0.0,0.004499996258123876,0.62,0.47202688973934237
15.600000000000001,Zheng et al. (2024),39.50888589208227,39.50888589208227,30.295487090615598,7.162147663467572,13.567750087124056,17.197420319700928,2.0,0.0,0.004499996725209512,0.62,0.4932371613780441
15.700000000000001,Zheng et al. (2024),39.13494471912366,39.13494471912366,29.489064543382128,6.784655246860552,13.569106676634046,17.02263756119902,2.0,0.0,0.00449999713399048,0.62,0.492037595335154
15.8,Zheng et al. (2024),38.7790862824828,38.7790862824828,28.739563628422527,6.422210297728313,13.57104042298884,16.851568017375385,2.0,0.0,0.0044999974917447364,0.62,0.5081622516518924
15.9,Zheng et al. (2024),38.44071372286134,38.44071372286134,28.012782426203447,6.199432643100586,13.567697483656339,16.688208286170987,2.0,0.0,0.004499997804841762,0.62,0.5030385116950272
16.0,Zheng et al. (2024),38.119128988343384,38.119128988343384,27.338194855554857,5.939883532691411,13.567451450848452,16.53530221985344,2.0,0.0,0.004499998078855962,0.62,0.5097621260473133
16.1,Zheng et al. (2024),37.81324962346428,37.81324962346428,26.706649946283054,5.712576749340343,13.565912945262191,16.39042460682242,2.0,0.0,0.004499998318665907,0.62,0.5098483073606239
16.2,Zheng et al. (2024),37.522251748409694,37.522251748409694,26.11703026374822,5.578513521059392,13.562559050306323,16.254341684908873,2.0,0.0,0.004499998528541192,0.62,0.5052219342208424
16.3,Zheng et al. (2024),37.24519605757097,37.24519605757097,25.572649666719116,5.51063357147531,13.56305094884516,16.12324364139606,2.0,0.0,0.004499998712218459,0.62,0.5133167149949298
16.400000000000002,Zheng et al. (2024),36.981301940722226,36.981301940722226,25.044201724578294,5.456511772099589,13.568337827267028,15.996794527100338,2.0,0.0,0.004499998872967915,0.62,0.5210135326631331
16.5,Zheng et al. (2024),36.7305996817995,36.7305996817995,24.52760959347119,5.363004310005124,13.564069016684247,15.877235216576775,2.0,0.0,0.0044999990136515575,0.62,0.5073446301600018
16.6,Zheng et al. (2024),36.492405956466364,36.492405956466364,24.064313928275485,5.3232103393895684,13.558705281896804,15.76654871186746,2.0,0.0,0.0044999991367741365,0.62,0.5314800909972253
16.7,Zheng et al. (2024),36.26536092873442,36.26536092873442,23.641895552100834,5.331912229525571,13.556432884109462,15.658067198878172,2.0,0.0,0.004499999244527738,0.62,0.5107561050534506
16.8,Zheng et al. (2024),36.04886096306267,36.04886096306267,23.22401320085284,5.349144535598441,13.559305508903906,15.55857260406629,2.0,0.0,0.0044999993388308195,0.62,0.5305725134991396
16.900000000000002,Zheng et al. (2024),35.84284126932055,35.84284126932055,22.831920762438894,5.380659873966337,13.561832218758676,15.464291528743736,2.0,0.0,0.004499999421362363,0.62,0.5119211123022025
17.0,Zheng et al. (2024),35.64681327804367,35.64681327804367,22.463099916552192,5.432360758019392,13.564039413895237,15.36779829971083,2.0,0.0,0.00449999949359177,0.62,0.5185041967033441
17.1,Zheng et al. (2024),35.460564589052744,35.460564589052744,22.088777700993788,5.531985064660795,13.56351842637432,15.278099265468635,2.0,0.0,0.004499999556805023,0.62,0.537966319554664
17.2,Zheng et al. (2024),35.28380556147203,35.28380556147203,21.748800964098912,5.608426631226003,13.568337437044473,15.196452142702,2.0,0.0,0.004499999612127576,0.62,0.5344509579852094
17.3,Zheng et al. (2024),35.11584843160619,35.11584843160619,21.428847724789954,5.684272396349968,13.567870469139697,15.124797071210665,2.0,0.0,0.0044999996605444,0.62,0.5314751508653048
17.400000000000002,Zheng et al. (2024),34.95591082602976,34.95591082602976,21.160220840179548,5.780519147694299,13.575954559541684,15.053295388720674,2.0,0.0,0.004499999702917513,0.62,0.5449555244464125
17.5,Zheng et al. (2024),34.80339726280544,34.80339726280544,20.873681427105222,5.95540131409598,13.57846939104083,14.982404390610048,2.0,0.0,0.004499999740001331,0.62,0.5377426964005336
17.6,Zheng et al. (2024),34.65866687838575,34.65866687838575,20.603498167654337,6.125660011366136,13.582874136740763,14.920010206290279,2.0,0.0,0.0044999997724561,0.62,0.5432174797651235
17.7,Zheng et al. (2024),34.52097586936565,34.52097586936565,20.361637189305817,6.213351395293415,13.584050197623208,14.857259682043724,2.0,0.0,0.004499999800859649,0.62,0.5445031741535709
17.8,Zheng et al. (2024),34.389813583032996,34.389813583032996,20.126849478722185,6.338891591122376,13.57990087136682,14.794300062231637,2.0,0.0,0.004499999825717677,0.62,0.5437503374551365
17.900000000000002,Zheng et al. (2024),34.264852003624235,34.264852003624235,19.904533044938834,6.487729271345472,13.574763081614202,14.745627496261575,2.0,0.0,0.00449999984747276,0.62,0.5483341394007128
18.0,Zheng et al. (2024),34.145223575026186,34.145223575026186,19.737765189143637,6.6291679975628455,13.573570521003827,14.691542845060349,2.0,0.0,0.0044999998665122285,0.62,0.5420075769050102
18.1,Zheng et al. (2024),34.03025513585083,34.03025513585083,19.54268577809356,6.772994216131735,13.573652724938018,14.64054134669085,2.0,0.0,0.004499999883175064,0.62,0.5491493767374336
18.2,Zheng et al. (2024),33.92052571736354,33.92052571736354,19.356576076709853,6.9260612054781845,13.57448981333433,14.592211748931312,2.0,0.0,0.004499999897757932,0.62,0.5459798961378899
18.3,Zheng et al. (2024),33.8158173256761,33.8158173256761,19.179030706151856,7.108938047587721,13.572505155544912,14.549818310772336,1.6,0.2,0.00449999991052047,0.62,0.5505915234929497
18.400000000000002,Zheng et al. (2024),33.715643978771816,33.715643978771816,19.03002027919727,7.361559019179666,13.575073507662234,14.500703312419278,1.6199999999999999,0.2,0.0044999999216899025,0.62,0.5489421400971661
18.5,Zheng et al. (2024),33.6200102379218,33.6200102379218,18.846677565953268,7.604622267092978,13.574183404238747,14.460229066824851,1.64,0.2,0.004499999931465092,0.62,0.5519101317672033
18.6,Zheng et al. (2024),33.52905206986053,33.52905206986053,18.702953980536456,7.849044506132053,13.57553576286811,14.41962531586566,1.6199999999999999,0.2,0.004499999940020077,0.62,0.5520300886523707
18.7,Zheng et al. (2024),33.442174898506146,33.442174898506146,18.553972806566804,8.070446776424681,13.574184881963054,14.389421033722506,1.6,0.2,0.004499999947507172,0.62,0.5470833378382942
18.8,Zheng et al. (2024),33.35894923107406,33.35894923107406,18.448838186742012,8.266898949890916,13.574646074447369,14.355761878678315,1.6199999999999999,0.2,0.004499999954059677,0.62,0.5475882825229889
18.900000000000002,Zheng et al. (2024),33.27876945019397,33.27876945019397,18.32738903971137,8.437699367213796,13.57150502579713,14.32161475942682,1.64,0.2,0.004499999959794255,0.62,0.554596357604895
19.0,Zheng et al. (2024),33.201902775168485,33.201902775168485,18.212776999550005,8.60050795606859,13.570600526753754,14.288243301959657,1.64,0.2,0.004499999964813004,0.62,0.5554112484027618
19.1,Zheng et al. (2024),33.128185929477574,33.128185929477574,18.096032645322197,8.725890710655918,13.578651761120025,14.252347913012594,1.64,0.2,0.0044999999692052805,0.62,0.5534665412091484
19.200000000000003,Zheng et al. (2024),33.0581705672111,33.0581705672111,17.949918954651924,8.895756407386408,13.582130235147398,14.221199714148844,1.64,0.2,0.004499999973049283,0.62,0.565535433215106
19.3,Zheng et al. (2024),32.9922330931032,32.9922330931032,17.831463108706643,9.00739171071723,13.582873812693006,14.19030293637117,1.6,0.2,0.004499999976413451,0.62,0.5518149169256346
19.400000000000002,Zheng et al. (2024),32.929605202897726,32.929605202897726,17.72043489762127,9.19556378037609,13.586774919972594,14.166902138149648,1.6199999999999999,0.2,0.004499999979357682,0.62,0.5654926736811372
19.5,Zheng et al. (2024),32.86998676488201,32.86998676488201,17.62877904759135,9.360717154730686,13.58691123953727,14.142989011570844,1.64,0.2,0.004499999981934393,0.62,0.5653765240223965
19.6,Zheng et al. (2024),32.812946220756366,32.812946220756366,17.544140807197195,9.480163596131561,13.59287982735187,14.121083663605456,1.64,0.2,0.004499999984189464,0.62,0.5610279963972458
19.700000000000003,Zheng et al. (2024),32.758463347849606,32.758463347849606,17.453219245663004,9.596434799157187,13.592705973533063,14.100931703388033,1.6199999999999999,0.2,0.00449999998616304,0.62,0.5698166852633737
19.8,Zheng et al. (2024),32.70642977477359,32.70642977477359,17.38276405906298,9.693270858696458,13.59296510240155,14.07597530574939,1.64,0.2,0.004499999987890262,0.62,0.5785350194477388
19.900000000000002,Zheng et al. (2024),32.65662509458104,32.65662509458104,17.294544055743984,9.844161698894244,13.599138712054696,14.054892339556169,1.6,0.2,0.00449999998940188,0.62,0.5729636874789575
20.0,Zheng et al. (2024),32.609411813473734,32.609411813473734,17.206359028817708,9.95314980631328,13.637281103376043,14.02898667754855,1.6,0.2,0.004499999990724808,0.62,0.5771731190506105
20.1,Zheng et al. (2024),32.5659352726156,32.5659352726156,17.02732420013472,10.041234308054506,13.72366032260395,14.003877802661503,1.6199999999999999,0.2,0.0044999999918826,0.62,0.5793375065376151
20.200000000000003,Zheng et al. (2024),32.53095971980945,32.53095971980945,16.738441420132197,10.113333139694369,13.831873818520142,13.98193312258025,1.24,0.4,0.004499999992895868,0.62,0.5784555613395583
20.3,Zheng et al. (2024),32.5080574670834,32.5080574670834,16.40784280184363,10.131943048492992,13.958464397908665,13.968591503061552,1.24,0.4,0.004499999993782653,0.62,0.5717839746547037
20.400000000000002,Zheng et al. (2024),32.49857803559308,32.49857803559308,16.06126945807774,10.139378359446866,14.087850055654872,13.962259424945229,0.8400000000000001,0.6,0.004499999994558744,0.62,0.5889612395349102
20.5,Zheng et al. (2024),32.50303647255662,32.50303647255662,15.729258281418016,10.16217250327168,14.220489438710622,13.966737359475662,0.8600000000000001,0.6,0.004499999995237958,0.62,0.5859130988583087
20.6,Zheng et al. (2024),32.52075779699123,32.52075779699123,15.423664118713926,10.19920843535088,14.35952939759481,13.981939363349216,0.9199999999999999,0.6,0.004499999995832387,0.62,0.5923481148414764
20.700000000000003,Zheng et al. (2024),32.55113597207082,32.55113597207082,15.136193123470052,10.233938006176764,14.496938114902333,14.006553074505769,0.8800000000000001,0.6,0.004499999996352617,0.62,0.5860259254010871
20.8,Zheng et al. (2024),32.59342085969734,32.59342085969734,14.881820191061882,10.3087004154429,14.639187188966998,14.022833906802845,0.8400000000000001,0.6,0.004499999996807907,0.62,0.6059567315336074
20.900000000000002,Zheng et al. (2024),32.64755309219583,32.64755309219583,14.582445685924831,10.366431553579673,14.776728141012681,14.079981660038003,0.45999999999999996,0.8,0.004499999997206365,0.62,0.6006005500432319
21.0,Zheng et al. (2024),32.71277958396575,32.71277958396575,14.434222933527545,10.413634170565139,14.912628387259888,14.156288037288359,0.52,0.8,0.004499999997555086,0.62,0.6173555949898522
21.1,Zheng et al. (2024),32.78485722887853,32.78485722887853,14.354620382828273,10.493799168617855,15.05535031442,14.235496377291181,0.52,0.8,0.004499999997860276,0.62,0.6161006359841362
21.200000000000003,Zheng et al. (2024),32.86303346081501,32.86303346081501,14.265070104516296,10.592762400931324,15.19380554406144,14.307225447985234,0.6,0.8,0.004499999998127371,0.62,0.6012650557853428
21.3,Zheng et al. (2024),32.947657758872076,32.947657758872076,14.157326675156522,10.69023368724504,15.330514457996987,14.386604710330191,0.5599999999999999,0.8,0.004499999998361125,0.62,0.6080785041337331
21.400000000000002,Zheng et al. (2024),33.03863980340292,33.03863980340292,14.078785786554254,10.770260426065548,15.475976824025388,14.459771542031591,0.5,0.8,0.0044999999985657,0.62,0.6291213103770781
21.5,Zheng et al. (2024),33.13591349902605,33.13591349902605,13.951846261902475,10.820782657862619,15.615512362656464,14.537138135645076,0.52,0.8,0.004499999998744739,0.62,0.6190538316335028
21.6,Zheng et al. (2024),33.24003930271902,33.24003930271902,13.852968676961815,10.882480499209453,15.756377102540597,14.62030485502479,0.54,0.8,0.004499999998901429,0.62,0.6298025898525802
21.700000000000003,Zheng et al. (2024),33.350191811539155,33.350191811539155,13.768726120945377,10.975348065682155,15.896215340773109,14.703468622603186,0.62,0.8,0.0044999999990385595,0.62,0.6355275616840621
21.8,Zheng et al. (2024),33.466084349105294,33.326028820312764,13.684655675761789,11.07362305221903,16.036601603252844,14.775617834298291,0.64,0.8,0.004499999999158573,0.62,0.630565918443466
21.900000000000002,Zheng et al. (2024),33.5880790166974,33.29199611224826,13.555946596336016,11.172927515003707,16.173363285582642,14.852825278993013,0.66,0.8,0.004499999999263606,0.62,0.6351316957057784
22.0,Zheng et al. (2024),33.71657271095983,33.26542950503924,13.453094505963882,11.28190423652952,16.312589451635297,14.94065041639705,0.72,0.8,0.004499999999355527,0.62,0.6343597803058175
22.1,Zheng et al. (2024),33.850714628160226,33.24686353701649,13.460253440775483,13.279561556919802,16.45247926920007,15.024696887683561,0.74,0.8,0.004499999999435975,0.78,0.7210978030322376
22.200000000000003,Zheng et al. (2024),33.9901189851879,33.236733749912595,13.402566706916772,13.31935743206192,16.589355610609243,15.10620990835642,0.7,0.8,0.00449999999950638,0.78,0.716028171754822
22.3,Zheng et al. (2024),34.13513461172101,33.23429825949163,13.342044272550957,13.363088797344318,16.72632863090695,15.178750602847172,0.78,0.6,0.004499999999567997,0.78,0.7302489072975018
22.400000000000002,Zheng et al. (2024),34.28590269755005,33.23863360642506,13.251803295617616,13.426318813296245,16.86323292015115,15.245573508103291,0.72,0.6,0.004499999999621922,0.78,0.7263949474653584
22.5,Zheng et al. (2024),34.4434034628291,33.248333922261715,13.141914470115946,13.482189249012364,17.005739583957737,15.306593228330556,0.8,0.6,0.004499999999669117,0.78,0.7260976762365128
22.6,Zheng et al. (2024),34.60845126599309,33.26314242075487,12.998617654117428,13.516311776811957,17.148908447672596,15.379599352826911,0.74,0.6,0.00449999999971042,0.78,0.7343326076511052
22.700000000000003,Zheng et al. (2024),34.78121205351601,33.283496689924256,12.888343110569343,13.570953867755112,17.288272406368172,15.446030676578287,0.78,0.6,0.004499999999746567,0.78,0.7241827590604241
22.8,Zheng et al. (2024),34.96107350820193,33.309416376430796,12.764137812603208,13.643987461056057,17.426481034763572,15.538664714466302,0.5,0.8,0.004499999999778202,0.78,0.7342666598279551
22.900000000000002,Zheng et al. (2024),35.14734947698411,33.34090556943844,12.72247294473404,13.721819944737181,17.56193322444827,15.643009020210089,0.52,0.8,0.0044999999998058884,0.78,0.7348751181580729
23.0,Zheng et al. (2024),35.33736195807551,33.38038111671339,12.72279790860274,13.784913770870713,17.658493286633224,15.745714950720561,0.6,0.8,0.004499999999830118,0.78,0.7354480145857267
23.1,Zheng et al. (2024),35.529477129892534,33.4279287763238,12.812231481857516,13.849978844661667,17.714851319704955,15.829579173189828,0.5,0.8,0.004499999999851324,0.78,0.748915186407277
23.200000000000003,Zheng et al. (2024),35.71972583952094,33.48279662221112,12.940880028925987,13.911888363722483,17.7490243017154,15.90315277209296,0.5599999999999999,0.8,0.004499999999869882,0.78,0.7474325138835038
23.3,Zheng et al. (2024),35.90673276427298,33.54165171896651,13.09203575271977,14.025592426045726,17.760175327701067,15.961213887017331,0.6,0.8,0.004499999999886125,0.78,0.7418901945117755
23.400000000000002,Zheng et al. (2024),36.089478013280136,33.60382269163771,13.25095237634039,14.123310923357167,17.767513960937677,16.015355951757176,0.5599999999999999,0.8,0.00449999999990034,0.78,0.7482045461274438
23.5,Zheng et al. (2024),36.26750345738474,33.66928006094847,13.40723336111853,14.187849427185228,17.77117900495989,16.067633380437496,0.6,0.8,0.0044999999999127795,0.78,0.750819357627005
23.6,Zheng et al. (2024),36.440773912395564,33.73745309493595,13.567083296233376,14.25492584220979,17.77750459642399,16.118438565324073,0.6599999999999999,0.8,0.0044999999999236675,0.78,0.7630002685815866
23.700000000000003,Zheng et al. (2024),36.60934066616141,33.808579374043894,13.716071784412865,14.323234730781095,17.78147311889894,16.172041382785753,0.68,0.8,0.0044999999999331955,0.78,0.7629500973078929
23.8,Zheng et al. (2024),36.77326780147836,33.88260473852504,13.880458533134398,14.409520342425377,17.786875016547114,16.216092998291792,0.76,0.8,0.004499999999941534,0.78,0.76368697418467
23.900000000000002,Zheng et al. (2024),36.932650516017866,33.959546496851694,14.010648769342923,14.471409297159575,17.78130425067909,16.25959417037816,0.8,0.8,0.004499999999948832,0.78,0.768513717688116
24.0,Zheng et al. (2024),37.087756972852496,34.03888785439327,14.166537825207977,14.544684315637074,17.78039899353931,16.30419720571075,0.8400000000000001,0.8,0.0044999999999552195,0.78,0.7566196169856634
24.1,Zheng et al. (2024),37.238095880197754,34.12033931887587,14.314844453588131,14.615348263029702,17.784469070099195,16.35371380461514,0.9199999999999999,0.8,0.004499999999960809,0.78,0.7701941404885309
24.200000000000003,Zheng et al. (2024),37.38393248383414,34.20382060647652,14.467363858002724,14.680903454716773,17.780655997557613,16.411929954511276,0.6,0.6,0.004499999999965701,0.78,0.7897732510426849
24.3,Zheng et al. (2024),37.5246589160348,34.28983840834392,14.668524584020458,14.750549705507101,17.778675120142125,16.473538921306407,0.7000000000000001,0.6,0.004499999999969983,0.78,0.7779047621804397
24.400000000000002,Zheng et al. (2024),37.65901455629403,34.37923685087609,14.877007575004157,14.82085177379027,17.7738762711054,16.537950235100684,0.78,0.6,0.00449999999997373,0.78,0.7598815507251868
24.5,Zheng et al. (2024),37.78672255467739,34.47231340316896,15.102468343284608,14.888713582699651,17.779119180532774,16.60163600611052,0.8800000000000001,0.6,0.004499999999977009,0.78,0.7814382271638379
24.6,Zheng et al. (2024),37.907999778048115,34.56876251233624,15.301452613061572,14.96280047289968,17.779219953903524,16.660424916980688,0.96,0.6,0.004499999999979879,0.78,0.770270574547162
24.700000000000003,Zheng et al. (2024),38.0233584268912,34.66828292805881,15.497524480141912,15.034647169412509,17.773324899687257,16.712857954076533,1.06,0.6,0.0044999999999823905,0.78,0.7764094846693051
24.8,Zheng et al. (2024),38.13288469813863,34.7701854266143,15.687740544838139,15.104537653715333,17.778555945752657,16.768566678503003,1.1600000000000001,0.4,0.004499999999984588,0.78,0.7876583408346706
24.900000000000002,Zheng et al. (2024),38.2368796327085,34.874616519832536,15.861985328558934,15.180255520721442,17.77650305861579,16.816279879316802,1.22,0.4,0.004499999999986512,0.78,0.7912081654680769
25.0,Zheng et al. (2024),38.33584842149508,34.981929180619694,16.027838345201022,15.284223460904194,17.776367688523596,16.863235383722618,1.3200000000000003,0.2,0.004499999999988196,0.78,0.7856104439653144
25.1,Zheng et al. (2024),38.43000047516761,35.09071401180294,16.186815259498314,15.387890455404055,17.77663608592957,16.91584124891004,1.32,0.2,0.0044999999999896685,0.78,0.789773924214581
25.200000000000003,Zheng et al. (2024),38.51922823605616,35.13055572603994,16.364378280366317,15.480887255597661,17.772584081999646,16.95742893291652,1.3599999999999999,0.2,0.004499999999990959,0.78,0.7870486875448169
25.3,Zheng et al. (2024),38.60345002821111,35.14221083722955,16.515663572657445,15.607543842129978,17.777384230671018,16.995335297960835,1.42,0.2,0.004499999999992087,0.78,0.801519810714391
25.400000000000002,Zheng et al. (2024),38.683593125576,35.15781151597562,16.6328453110639,15.705085164432543,17.781753744907608,17.03643913431946,1.48,0.2,0.0044999999999930755,0.78,0.7998706833213884
25.5,Zheng et al. (2024),38.76031560294819,35.17713170013243,16.76228231334093,15.82427626576986,17.779071811093885,17.069127612332565,1.48,0.2,0.004499999999993939,0.78,0.7930772855772235
25.6,Zheng et al. (2024),38.833456285023196,35.200384075189525,16.88067523581404,15.940158415922163,17.779307692957644,17.107082344064555,1.54,0.2,0.004499999999994696,0.78,0.8011284345210097
25.700000000000003,Zheng et al. (2024),38.90290172925409,35.2276976611038,17.010112748228874,16.069466788669157,17.779742533958125,17.144051480716254,1.5799999999999998,0.2,0.0044999999999953575,0.78,0.8083695587884316
25.8,Zheng et al. (2024),38.96866487012988,35.25952137597371,17.135946605863566,16.081466311903455,17.77599987458513,17.171750063454972,1.6199999999999999,0.2,0.004499999999995938,0.78,0.7966218023481648
25.900000000000002,Zheng et al. (2024),39.030931909402334,35.29571608327327,17.240457566192543,16.0603963074882,17.776211222722687,17.199892923910365,1.6600000000000001,0.2,0.004499999999996444,0.78,0.807791627431875
26.0,Zheng et al. (2024),39.09020544705174,35.33574216266944,17.336870002441042,16.020804084374074,17.77877571820108,17.223640699786902,1.32,0.4,0.004499999999996888,0.78,0.8022384116559398
26.1,Zheng et al. (2024),39.14698479956524,35.37887436165246,17.412443809896335,16.030293197509124,17.77575147965646,17.249588093516973,1.34,0.4,0.004499999999997277,0.78,0.8049467596246201
26.200000000000003,Zheng et al. (2024),39.2013520159445,35.42438618219247,17.50954787969913,16.057801189246025,17.77661242264792,17.27529727002925,1.3800000000000001,0.4,0.004499999999997616,0.78,0.7993657110044694
26.3,Zheng et al. (2024),39.25298004566849,35.47195742313735,17.59635057355775,16.098618717303594,17.777072764669125,17.29100031277206,1.06,0.6,0.0044999999999979145,0.78,0.8134655391586733
26.400000000000002,Zheng et al. (2024),39.30239682171412,35.521196525389335,17.649593886424892,16.158577630202497,17.774431607137046,17.308686341844037,1.02,0.6,0.004499999999998174,0.78,0.8133968240649663
26.5,Zheng et al. (2024),39.35021769820013,35.57180773426753,17.71742964439573,16.193058880155824,17.77348226035841,17.32569064606879,1.02,0.6,0.004499999999998402,0.78,0.8109396122197624
26.6,Zheng et al. (2024),39.39606195000754,35.62381475915557,17.77877623524987,16.22268292460389,17.770213386242958,17.342372062824424,1.06,0.6,0.0044999999999986015,0.78,0.8141838540427199
26.700000000000003,Zheng et al. (2024),39.44002541932888,35.6776302765663,17.84478965520001,16.253527011673793,17.771211036117837,17.353504122894794,1.1,0.4,0.004499999999998776,0.78,0.8062838751042046
26.8,Zheng et al. (2024),39.48241731832177,35.73289163457823,17.881015055329453,16.317826311928997,17.768394199552766,17.365170088207673,1.16,0.4,0.0044999999999989285,0.78,0.8123212098073889
26.900000000000002,Zheng et al. (2024),39.52362088306938,35.78948445185622,17.92854892173914,16.411380416649795,17.769272423781363,17.38327538522147,1.12,0.4,0.004499999999999062,0.78,0.8142906376883581
27.0,Zheng et al. (2024),39.56323534344897,35.847410410188296,17.989398485084692,16.487022274922705,17.769693367369644,17.392916831677674,1.1600000000000001,0.4,0.004499999999999179,0.78,0.8143081209209057
27.1,Zheng et al. (2024),39.60144090469384,35.90588945333891,18.02194351763231,16.586336203699513,17.772971276766015,17.40202966384712,1.1199999999999999,0.4,0.004499999999999282,0.78,0.8143109807889817
27.200000000000003,Zheng et al. (2024),39.638880763826926,35.96512229656755,18.045602331919312,16.667009681003847,17.776964672580114,17.41684425777364,0.76,0.6,0.004499999999999371,0.78,0.8142759281250745
27.3,Zheng et al. (2024),39.67556424317808,36.02532197112483,18.08739673919546,16.740934264374957,17.781354397373253,17.42981902480058,0.8400000000000001,0.6,0.00449999999999945,0.78,0.8142113308554118
27.400000000000002,Zheng et al. (2024),39.71120199013733,36.08586077128401,18.121826666016304,16.812465964008297,17.782855741792876,17.43559713430094,0.9199999999999999,0.6,0.004499999999999518,0.78,0.8141387135529502
27.5,Zheng et al. (2024),39.746201002624666,36.14625920849553,18.138290879342577,16.87965997971066,17.78643136787325,17.445456378507288,0.9600000000000002,0.6,0.004499999999999578,0.78,0.8140569388755281
27.6,Zheng et al. (2024),39.78067522328711,36.206375970437556,18.163889599480033,16.988497425000183,17.786209365555052,17.45439276357279,1.02,0.6,0.004499999999999631,0.78,0.8139984207098788
27.700000000000003,Zheng et al. (2024),39.81439988663106,36.26663140989236,18.19567556261874,17.07499043219475,17.781274879449274,17.461297605253264,1.04,0.6,0.004499999999999677,0.78,0.8139744626290092
27.8,Zheng et al. (2024),39.847154449373356,36.32691025472584,18.232028395126214,17.144698998232254,17.782768374214815,17.46967347632142,1.1,0.6,0.004499999999999718,0.78,0.8139632984040531
27.900000000000002,Zheng et al. (2024),39.87883594768112,36.34566133528597,18.257637148886605,17.235432637647584,17.781486494774402,17.480425586116485,1.1600000000000001,0.6,0.0044999999999997525,0.78,0.8139703369358916
28.0,Zheng et al. (2024),39.90966571755404,36.36481624189719,18.298443941500715,17.285008935437155,17.784257376889123,17.492265690486793,0.9199999999999999,0.8,0.004499999999999784,0.78,0.8139949320767457
28.1,Zheng et al. (2024),39.93942673307583,36.385603730622336,18.333060466737543,17.35060187079227,17.787864602951313,17.506376785243575,1.0,0.8,0.004499999999999811,0.78,0.8139834825505103
28.200000000000003,Zheng et al. (2024),39.96821826277766,36.40772670281393,18.37359623368104,17.359433486385747,17.786109635856377,17.51665835156391,1.08,0.8,0.004499999999999834,0.78,0.8139661180012744
28.3,Zheng et al. (2024),39.99583378822796,36.431612822556076,18.414000795480163,17.37199507143512,17.782235389718217,17.525326424986797,1.16,0.4,0.004499999999999855,0.78,0.8139590120931963
28.400000000000002,Zheng et al. (2024),40.02230037688502,36.45711479279197,18.454003996267915,17.405939087537032,17.779274260128386,17.53831267209474,1.2400000000000002,0.4,0.004499999999999873,0.78,0.8139628677323646
28.5,Zheng et al. (2024),40.04740426983084,36.484221272336924,18.506927910811427,17.425749908648303,17.781629412757027,17.552091951744245,1.06,0.6,0.004499999999999889,0.78,0.8139954878319634
28.6,Zheng et al. (2024),40.07102001972566,36.51302806614717,18.549524347394147,17.45938525842869,17.78208915374403,17.56660519131994,1.1400000000000001,0.2,0.0044999999999999025,0.78,0.8140235062979896
28.700000000000003,Zheng et al. (2024),40.09340565094612,36.54338400164016,18.599427746088715,17.515677588706993,17.786545185664515,17.58342650252328,1.2200000000000002,0.2,0.004499999999999915,0.78,0.8140292509937681
28.8,Zheng et al. (2024),40.114481759514426,36.57474840475288,18.647613505882973,17.605441134534065,17.79128044106157,17.60593189497122,1.3,0.2,0.004499999999999925,0.78,0.8139860823541873
28.900000000000002,Zheng et al. (2024),40.134101551524616,36.60605378017982,18.715198974592457,17.703116529890757,17.799419006525152,17.625020436872482,1.3800000000000001,0.2,0.004499999999999935,0.78,0.8138942553457542
29.0,Zheng et al. (2024),40.15219798544796,36.63741008580212,18.762391288224855,17.76146432350283,17.79805731203373,17.64594644503838,1.1400000000000001,0.4,0.004499999999999942,0.78,0.8138095158519918
29.1,Zheng et al. (2024),40.16871539171995,36.66978122299912,18.83966927709455,17.80951491188331,17.808057312033725,17.65836246827985,1.14,0.4,0.004499999999999949,0.78,0.8136806564187279
29.200000000000003,Zheng et al. (2024),40.183819203296814,36.703263160932636,18.85878986119918,17.83045864841757,17.806415778913074,17.675195046332284,1.2,0.4,0.004499999999999955,0.78,0.8136034007447952
29.3,Zheng et al. (2024),40.198044780093475,36.737272234166085,18.92240991660071,17.8908139756675,17.802707664938424,17.683135957251217,1.2,0.4,0.0044999999999999615,0.78,0.8135394510530837
29.400000000000002,Zheng et al. (2024),40.210704792385734,36.77135135982036,18.95971004088592,17.90996615080863,17.79511220619103,17.689788247347263,1.24,0.4,0.004499999999999966,0.78,0.8135336774485855
29.5,Zheng et al. (2024),40.22206870744082,36.805944925959636,19.002080383845936,17.957397907668128,17.794609928532363,17.703918318863597,1.22,0.4,0.004499999999999971,0.78,0.8135650016343965
29.6,Zheng et al. (2024),40.23201342959043,36.841363513374404,19.05339906303093,18.00176885954423,17.79448316746281,17.70778923561686,1.26,0.4,0.004499999999999974,0.78,0.8136205950030888
29.700000000000003,Zheng et al. (2024),40.24090573024625,36.87740082792271,19.067437801690378,18.017251147585565,17.79977929376937,17.715782703757043,1.2399999999999998,0.4,0.004499999999999977,0.78,0.8136903289385917
29.8,Zheng et al. (2024),40.2494330069378,36.90096936607192,19.082675739389142,18.06052637301995,17.793923802822977,17.717980679202164,1.28,0.4,0.00449999999999998,0.78,0.8137053893848339
29.900000000000002,Zheng et al. (2024),40.25751530996728,36.89664450793991,19.104972022491342,18.058487263157872,17.795840314866176,17.720336910603386,1.26,0.4,0.004499999999999982,0.78,0.8137281966463595
30.0,Zheng et al. (2024),40.26510849448777,36.89297119627825,19.108587954372606,18.06709199174362,17.795380034053956,17.730309895590604,0.86,0.6,0.004499999999999985,0.78,0.8137347800968796
30.1,Zheng et al. (2024),40.27225408163303,36.890663334802625,19.145126648821407,18.113169561790738,17.78906711302941,17.73896372413141,0.52,0.8,0.004499999999999987,0.78,0.8137545391578216
30.200000000000003,Zheng et al. (2024),40.27812945158143,36.8902468898696,19.19148517031833,18.134456198534384,17.786403918240712,17.7442121879336,0.54,0.8,0.004499999999999988,0.78,0.8137965746724242
30.3,Zheng et al. (2024),40.282823695592235,36.89101025549955,19.216721395449383,18.163231645882643,17.78609248432554,17.74815210181766,0.6,0.8,0.004499999999999989,0.78,0.8138464734554286
30.400000000000002,Zheng et al. (2024),40.28687140788394,36.892857294810184,19.231492938775002,18.178624964153677,17.78996791293512,17.75502378466853,0.64,0.8,0.004499999999999991,0.78,0.8139058054432118
30.5,Zheng et al. (2024),40.29051769361808,36.89564642658159,19.246330041603628,18.200329166059486,17.796624974910813,17.75225562902253,0.64,0.8,0.004499999999999992,0.78,0.8131539769676668
30.6,Zheng et al. (2024),40.29443495517466,36.89978655893496,19.2200101063392,18.22796952727294,17.795278240623293,17.759155370228992,0.6,0.8,0.004499999999999993,0.78,0.8138660770736214
30.700000000000003,Zheng et al. (2024),40.29853154073941,36.90532289869911,19.24787657402759,18.258299218193294,17.793778303235772,17.766352424129877,0.48,0.8,0.004499999999999994,0.78,0.8138174629776971
30.8,Zheng et al. (2024),40.301788154498915,36.9121066633915,19.2771891366109,18.281321720064184,17.794866172891375,17.771981757170646,0.54,0.8,0.0044999999999999945,0.78,0.8137906960390041
30.900000000000002,Zheng et al. (2024),40.304326080942126,36.91990109242339,19.29452625795973,18.305202472726478,17.790168256746544,17.771860980875452,0.54,0.8,0.004499999999999995,0.78,0.813788108048931
31.0,Zheng et al. (2024),40.306429309100274,36.928837225947845,19.305725001477786,18.333620530898372,17.79078897670459,17.77061905883185,0.52,0.8,0.004499999999999995,0.78,0.8138044685179625
31.1,Zheng et al. (2024),40.30835396940619,36.93912703212344,19.29976927680471,18.376453834260865,17.794255141991453,17.774725204205723,0.52,0.8,0.004499999999999996,0.78,0.813819812076813
31.200000000000003,Zheng et al. (2024),40.31034135099582,36.950836401508056,19.305802907708205,18.41220758438093,17.795790097249053,17.777546894480516,0.54,0.8,0.004499999999999997,0.78,0.8132606530752219
31.3,Zheng et al. (2024),40.31220176785393,36.963388291433134,19.312046835214385,18.422519914050515,17.79456187517372,17.772890864728538,0.52,0.8,0.004499999999999997,0.78,0.8137979430272451
31.400000000000002,Zheng et al. (2024),40.314189992410085,36.97665866701793,19.29851495272079,18.425378129428218,17.796576384000602,17.776242014492954,0.54,0.8,0.004499999999999998,0.78,0.8137708993406679
31.5,Zheng et al. (2024),40.31630753080025,36.991416192164124,19.30545506793337,18.432611873981525,17.792561396205073,17.780089180511084,0.5599999999999999,0.8,0.004499999999999998,0.78,0.813767056206024
31.6,Zheng et al. (2024),40.318026189517916,37.007732766205535,19.329090423737973,18.43652249899406,17.78751992989518,17.779793003066693,0.6199999999999999,0.8,0.004499999999999998,0.78,0.8137771990131264
31.700000000000003,Zheng et al. (2024),40.3190750630224,37.02511690348551,19.340512709490696,18.41693722097785,17.785077195757513,17.782580166649897,0.5599999999999999,0.8,0.004499999999999998,0.78,0.8137637353203694
31.8,Zheng et al. (2024),40.319659747464236,37.04385590842581,19.356480378754863,18.42409386137492,17.784704419098833,17.78199163451004,0.62,0.8,0.004499999999999999,0.78,0.8127121877344854
31.900000000000002,Zheng et al. (2024),40.31986766817419,37.06377432923516,19.35530696717541,18.45276889566396,17.788171755127564,17.783687915008514,0.6599999999999999,0.8,0.004499999999999999,0.78,0.8137141982977536
32.0,Zheng et al. (2024),40.32024230170395,37.084839098724544,19.352768339978443,18.46150401160277,17.792992135143546,17.788997600319227,0.72,0.8,0.004499999999999999,0.78,0.8139416980819693
32.1,Zheng et al. (2024),40.32067134573628,37.10725965107831,19.359749215250282,18.46323784621786,17.79364608623812,17.796772293124132,0.64,0.8,0.004499999999999999,0.78,0.8134060548001434
32.2,Zheng et al. (2024),40.32075952384729,37.130610429429325,19.38583083332696,18.49004278020079,17.7924810366423,17.802188722433307,0.68,0.8,0.004499999999999999,0.78,0.8134489286265985
32.300000000000004,Zheng et al. (2024),40.320215747045374,37.154657846263476,19.40802000118743,18.47442638860541,17.789631256234024,17.804289175672643,0.76,0.8,0.004499999999999999,0.78,0.8136642264622143
32.4,Zheng et al. (2024),40.3190483285964,37.17967962596735,19.422561236427416,18.457185478782968,17.792134679250093,17.804785068068686,0.7,0.8,0.004499999999999999,0.78,0.8131537389655386
32.5,Zheng et al. (2024),40.317635118358446,37.20597288439636,19.418133285264645,18.411344742153826,17.792884412445957,17.799500113099096,0.7,0.6,0.004499999999999999,0.78,0.8135517719981433
32.6,Zheng et al. (2024),40.31662013679101,37.23371601752176,19.39743804944878,18.38252743880872,17.785742121755597,17.8034087600225,0.76,0.6,0.004499999999999999,0.78,0.813239819910448
32.7,Zheng et al. (2024),40.31554190220344,37.26251090880503,19.42904585827341,18.374189441471312,17.79051661188884,17.804873156546684,0.82,0.6,0.004499999999999999,0.78,0.8135186548674256
32.800000000000004,Zheng et al. (2024),40.313897793277754,37.292590652938415,19.422452145298625,18.37885286550682,17.78564170357985,17.79970896504404,0.8800000000000001,0.6,0.0045,0.78,0.8134238700642533
32.9,Zheng et al. (2024),40.31248550150166,37.324825893924285,19.41610594845819,18.364955093107277,17.783847489908666,17.796595406906224,0.9199999999999999,0.6,0.0045,0.78,0.813386771625587
33.0,Zheng et al. (2024),40.31110972082501,37.35878116986906,19.409448147269256,18.367108122725632,17.779635701605745,17.79240237978731,1.0,0.6,0.0045,0.78,0.8130558438194075
33.1,Zheng et al. (2024),40.309808385233275,37.394299026101166,19.404924919632638,18.37995626140652,17.781558601844676,17.785043919757694,1.06,0.6,0.0045,0.78,0.8129449735164046
33.2,Zheng et al. (2024),40.308947965791155,37.431269694153386,19.373957870819716,18.39633853816035,17.785762210664586,17.787823363413967,1.1400000000000001,0.6,0.0045,0.78,0.8136515865311897
33.300000000000004,Zheng et al. (2024),40.30863782844971,37.46912293440447,19.373458584893623,18.42643936718641,17.780604921702814,17.789018490381753,1.2200000000000002,0.6,0.0045,0.78,0.8138582571894118
33.4,Zheng et al. (2024),40.3081811503888,37.50734874225684,19.390472946221852,18.414378365076974,17.780833429830913,17.78457408114973,1.3,0.6,0.0045,0.78,0.8137131709181811
33.5,Zheng et al. (2024),40.307510494083765,37.54567821563175,19.37407820958727,18.410586723575804,17.779846176376797,17.78381319571029,1.3599999999999999,0.4,0.0045,0.78,0.8137102519895689
33.6,Zheng et al. (2024),40.30711540791332,37.583832662598,19.37381020008486,18.381729466262232,17.780087578471857,17.780458597554844,1.42,0.4,0.0045,0.78,0.8139168919782154
33.7,Zheng et al. (2024),40.306864322797644,37.622285691249246,19.36126827227191,18.357395630462563,17.778851684874706,17.777470227927825,1.48,0.2,0.0045,0.78,0.813742339132704
33.800000000000004,Zheng et al. (2024),40.30692885063046,37.661168452401384,19.3536856584765,18.331369024098258,17.769541080096296,17.77592542500933,1.5400000000000003,0.0,0.0045,0.78,0.8140834677438371
33.9,Zheng et al. (2024),40.3067537716829,37.700291667324834,19.371203360855212,18.35659260054041,17.767791292346544,17.772911487300178,1.6,0.0,0.0045,0.78,0.8141147807931945
34.0,Zheng et al. (2024),40.306159629799474,37.74004859682934,19.36480004204502,18.32346034559503,17.765583594871526,17.767041055843258,1.6600000000000001,0.0,0.0045,0.78,0.8137293047206003
34.1,Zheng et al. (2024),40.305770243267936,37.78020376487875,19.349365788889735,18.31150415403545,17.76999160189307,17.76220554885303,1.7200000000000002,0.0,0.0045,0.78,0.8141790266841966
34.2,Zheng et al. (2024),40.30599388332916,37.82043738163422,19.32127236548728,18.28473379231392,17.76783577388123,17.765919145752605,1.78,0.0,0.0045,0.78,0.8130813449891291
34.300000000000004,Zheng et al. (2024),40.30659247580706,37.860813219891824,19.339809726829078,18.243421098714716,17.76950067447867,17.768850418130757,1.4400000000000002,0.2,0.0045,0.78,0.8140567982020961
34.4,Zheng et al. (2024),40.30670157403289,37.90165778612719,19.3461244989888,18.226424786473054,17.77125293846389,17.765276617250805,1.52,0.2,0.0045,0.78,0.8143531640089978
34.5,Zheng et al. (2024),40.30698224687898,37.942832434817475,19.329079128828532,18.217921143304203,17.76318596797065,17.767606289430486,1.58,0.2,0.0045,0.78,0.8142804163065627
34.6,Zheng et al. (2024),40.3071799069421,37.984366864883256,19.357299895369856,18.230138194754392,17.766808998639192,17.77556140594425,1.6400000000000001,0.2,0.0045,0.78,0.813912454659016
34.7,Zheng et al. (2024),40.30653460387634,38.02634188521681,19.376658767942303,18.249211399068706,17.76684995781599,17.778461934460466,1.64,0.2,0.0045,0.78,0.8139686122714324
34.800000000000004,Zheng et al. (2024),40.30557423566619,38.068230471502815,19.386882700857065,18.252681081605786,17.766430830776798,17.77543793881016,1.2799999999999998,0.4,0.0045,0.78,0.8137622450485815
34.9,Zheng et al. (2024),40.30448708739754,38.110223371913705,19.377153666762577,18.265997174575347,17.76384494100247,17.778121217033142,1.24,0.4,0.0045,0.78,0.8135535712882007
35.0,Zheng et al. (2024),40.30341322721335,38.15204251234597,19.39309385140081,18.254860748723676,17.76555255871159,17.780946543689208,1.2,0.4,0.0045,0.78,0.81386845463882
