friction,curvature_m_inv,h_min_s,follower_brake_mps2,predecessor_brake_mps2,status
0.45,0.0,2.062938431537951,3.552228911399186,4.463341217006183,PASS_OPERATIONAL
0.45,0.00025,2.0683392118716313,3.5414391598399675,4.4529135096421335,PASS_OPERATIONAL
0.45,0.0005,2.0768921344617253,3.525138357395542,4.437778090408153,PASS_OPERATIONAL
0.45,0.00075,2.0887540666372106,3.5032527339345143,4.417885453972233,PASS_OPERATIONAL
0.45,0.001,2.104147551712791,3.4756811562518846,4.393169472362464,PASS_OPERATIONAL
0.45,0.00125,2.123371536076644,3.4422927041654052,4.363546262916001,PASS_OPERATIONAL
0.45,0.0015,2.146816537140226,3.4029233899424294,4.328912702625227,PASS_OPERATIONAL
0.45,0.00175,2.1749857510266883,3.3573718186129056,4.2891445247956055,PASS_OPERATIONAL
0.45,0.002,2.208524353949223,3.30539350146984,4.2440939112941205,PASS_OPERATIONAL
0.45,0.0022500000000000003,2.248260415591617,3.2466934131298926,4.193586463533536,PASS_OPERATIONAL
0.45,0.0025,2.295262691843936,3.1809162031489175,4.1374173943283346,PASS_OPERATIONAL
0.45,0.00275,2.3509235876771957,3.107633202004179,4.0753467258121026,PASS_OPERATIONAL
0.45,0.003,2.4170806803189326,3.0263249396118153,4.0070931979702,PASS_OPERATIONAL
0.45,0.0032500000000000003,2.4961990925832356,2.936357218793703,3.932326475866194,PASS_OPERATIONAL
0.45,0.0035,2.591653149459932,2.836947665895739,3.850657071824216,PASS_OPERATIONAL
0.45,0.00375,2.7081763613954135,2.7271177508749975,3.7616231395413977,PASS_OPERATIONAL
0.45,0.004,2.852609904985791,2.605621792409111,3.664672895852437,PASS_EXTENDED
0.45,0.00425,3.0352095811106756,2.470837860303457,3.559140787193404,PASS_EXTENDED
0.45,0.0045000000000000005,3.272068198229129,2.3205921221440016,3.444214468245869,PASS_EXTENDED
0.45,0.00475,3.5899554510697462,2.1518589215675235,3.318887871055002,PASS_EXTENDED
0.45,0.005,4.03698180791955,1.9602081111587077,3.1818924601655074,OUTSIDE_EXTENDED_RANGE
0.45,0.00525,4.709457433714421,1.738675929533704,3.031592815932152,OUTSIDE_EXTENDED_RANGE
0.45,0.0055,5.834247417794193,1.4750876831728197,2.8658208607256195,OUTSIDE_EXTENDED_RANGE
0.45,0.00575,8.119446040573411,1.143993008481885,2.6815977458978777,OUTSIDE_EXTENDED_RANGE
0.45,0.006,15.898234980524418,0.6670805044792106,2.474633045846242,OUTSIDE_EXTENDED_RANGE
0.45,0.00625,inf,-0.15,2.2383335979273675,NO_POSITIVE_BRAKE_BOUND
0.45,0.006500000000000001,inf,-0.15,1.9615618019354075,NO_POSITIVE_BRAKE_BOUND
0.45,0.00675,inf,-0.15,1.6224018528709832,NO_POSITIVE_BRAKE_BOUND
0.45,0.007,inf,-0.15,1.1627115100651744,NO_POSITIVE_BRAKE_BOUND
0.45,0.00725,inf,-0.15,0.1,NO_POSITIVE_BRAKE_BOUND
0.45,0.0075,inf,-0.15,0.1,NO_POSITIVE_BRAKE_BOUND
0.45,0.00775,inf,-0.15,0.1,NO_POSITIVE_BRAKE_BOUND
0.45,0.008,inf,-0.15,0.1,NO_POSITIVE_BRAKE_BOUND
0.45,0.00825,inf,-0.15,0.1,NO_POSITIVE_BRAKE_BOUND
0.45,0.0085,inf,-0.15,0.1,NO_POSITIVE_BRAKE_BOUND
0.45,0.00875,inf,-0.15,0.1,NO_POSITIVE_BRAKE_BOUND
0.45,0.009000000000000001,inf,-0.15,0.1,NO_POSITIVE_BRAKE_BOUND
0.45,0.00925,inf,-0.15,0.1,NO_POSITIVE_BRAKE_BOUND
0.45,0.0095,inf,-0.15,0.1,NO_POSITIVE_BRAKE_BOUND
0.45,0.00975,inf,-0.15,0.1,NO_POSITIVE_BRAKE_BOUND
0.45,0.01,inf,-0.15,0.1,NO_POSITIVE_BRAKE_BOUND
0.45,0.01025,inf,-0.15,0.1,NO_POSITIVE_BRAKE_BOUND
0.45,0.0105,inf,-0.15,0.1,NO_POSITIVE_BRAKE_BOUND
0.45,0.010750000000000001,inf,-0.15,0.1,NO_POSITIVE_BRAKE_BOUND
0.45,0.011,inf,-0.15,0.1,NO_POSITIVE_BRAKE_BOUND
0.45,0.01125,inf,-0.15,0.1,NO_POSITIVE_BRAKE_BOUND
0.45,0.0115,inf,-0.15,0.1,NO_POSITIVE_BRAKE_BOUND
0.45,0.01175,inf,-0.15,0.1,NO_POSITIVE_BRAKE_BOUND
0.45,0.012,inf,-0.15,0.1,NO_POSITIVE_BRAKE_BOUND
0.45,0.01225,inf,-0.15,0.1,NO_POSITIVE_BRAKE_BOUND
0.45,0.0125,inf,-0.15,0.1,NO_POSITIVE_BRAKE_BOUND
0.6,0.0,1.7286259398259811,4.789778251865157,5.921881511126793,PASS_OPERATIONAL
0.6,0.00025,1.7308049873644094,4.781696800899259,5.914070327748021,PASS_OPERATIONAL
0.6,0.0005,1.734222850517778,4.769507313867924,5.902747324776428,PASS_OPERATIONAL
0.6,0.00075,1.7389138497339234,4.753179152672273,5.887891891457544,PASS_OPERATIONAL
0.6,0.001,1.7449256510970876,4.732670797012634,5.869476741611841,PASS_OPERATIONAL
0.6,0.00125,1.7523204995233845,4.707929305537493,5.8474676588563765,PASS_OPERATIONAL
0.6,0.0015,1.7611768743813188,4.678889611494551,5.821823170983178,PASS_OPERATIONAL
0.6,0.00175,1.7715916514260972,4.645473630331002,5.792494146083946,PASS_OPERATIONAL
0.6,0.002,1.783682885609846,4.607589149474763,5.7594233009380025,PASS_OPERATIONAL
0.6,0.0022500000000000003,1.7975933700833324,4.565128461452561,5.722544609694084,PASS_OPERATIONAL
0.6,0.0025,1.8134951819612448,4.517966689855444,5.681782597844527,PASS_OPERATIONAL
0.6,0.00275,1.8315955016722856,4.465959742458765,5.637051502740425,PASS_OPERATIONAL
0.6,0.003,1.8521440996560767,4.408941805638672,5.588254277199627,PASS_OPERATIONAL
0.6,0.0032500000000000003,1.8754430365587649,4.346722267074096,5.535281406808666,PASS_OPERATIONAL
0.6,0.0035,1.9018593437857036,4.279081916605291,5.478009503896399,PASS_OPERATIONAL
0.6,0.00375,1.931841776417967,4.205768223585823,5.416299631284903,PASS_OPERATIONAL
0.6,0.004,1.9659432183536842,4.126489416332045,5.349995295997892,PASS_OPERATIONAL
0.6,0.00425,2.0048510662122414,4.04090698479458,5.278920035992059,PASS_OPERATIONAL
0.6,0.0045000000000000005,2.049429086584101,3.948626074576698,5.202874500044067,PASS_OPERATIONAL
0.6,0.00475,2.100776113153797,3.8491830115662373,5.121632889807856,PASS_OPERATIONAL
0.6,0.005,2.1603100324233546,3.742028845936268,5.034938590256215,PASS_OPERATIONAL
0.6,0.00525,2.2298907384261604,3.6265072530050824,4.94249875498177,PASS_OPERATIONAL
0.6,0.0055,2.3120049291284457,3.501824234981744,4.843977528108664,PASS_OPERATIONAL
0.6,0.00575,2.410052421595128,3.3670055688326674,4.738987462280965,PASS_OPERATIONAL
0.6,0.006,2.52880582865884,3.220835329113542,4.627078512241641,PASS_OPERATIONAL
0.6,0.00625,2.6751804304284494,3.0617640289411043,4.507723712938459,PASS_OPERATIONAL
0.6,0.006500000000000001,2.8595911571152595,2.887765668381944,4.380300234329363,PASS_EXTENDED
0.6,0.00675,3.098500315667711,2.6961038370375743,4.244063845454121,PASS_EXTENDED
0.6,0.007,3.4196007572614464,2.4829239569725514,4.098113743654625,PASS_EXTENDED
0.6,0.00725,3.87353985269191,2.2424808864440267,3.9413428839404583,PASS_EXTENDED
0.6,0.0075,4.564658810094965,1.965498933490632,3.772365734727411,OUTSIDE_EXTENDED_RANGE
0.6,0.00775,5.751786429262063,1.6350494110808251,3.589409451468829,OUTSIDE_EXTENDED_RANGE
0.6,0.008,8.338827758181134,1.2127772302177626,3.3901428302126937,OUTSIDE_EXTENDED_RANGE
0.6,0.00825,21.104154437488127,0.5482956932417653,3.1713929509588956,OUTSIDE_EXTENDED_RANGE
0.6,0.0085,inf,-0.15,2.9286432733732957,NO_POSITIVE_BRAKE_BOUND
0.6,0.00875,inf,-0.15,2.6550624590408725,NO_POSITIVE_BRAKE_BOUND
0.6,0.009000000000000001,inf,-0.15,2.3393791246682607,NO_POSITIVE_BRAKE_BOUND
0.6,0.00925,inf,-0.15,1.9602813903278193,NO_POSITIVE_BRAKE_BOUND
0.6,0.0095,inf,-0.15,1.4659531950985751,NO_POSITIVE_BRAKE_BOUND
0.6,0.00975,inf,-0.15,0.579961148427667,NO_POSITIVE_BRAKE_BOUND
0.6,0.01,inf,-0.15,0.1,NO_POSITIVE_BRAKE_BOUND
0.6,0.01025,inf,-0.15,0.1,NO_POSITIVE_BRAKE_BOUND
0.6,0.0105,inf,-0.15,0.1,NO_POSITIVE_BRAKE_BOUND
0.6,0.010750000000000001,inf,-0.15,0.1,NO_POSITIVE_BRAKE_BOUND
0.6,0.011,inf,-0.15,0.1,NO_POSITIVE_BRAKE_BOUND
0.6,0.01125,inf,-0.15,0.1,NO_POSITIVE_BRAKE_BOUND
0.6,0.0115,inf,-0.15,0.1,NO_POSITIVE_BRAKE_BOUND
0.6,0.01175,inf,-0.15,0.1,NO_POSITIVE_BRAKE_BOUND
0.6,0.012,inf,-0.15,0.1,NO_POSITIVE_BRAKE_BOUND
0.6,0.01225,inf,-0.15,0.1,NO_POSITIVE_BRAKE_BOUND
0.6,0.0125,inf,-0.15,0.1,NO_POSITIVE_BRAKE_BOUND
0.8,0.0,1.4956967559797998,6.438974349805894,7.865576912271232,PASS_OPERATIONAL
0.8,0.00025,1.4966111237554358,6.432917828805096,7.859722561200239,PASS_OPERATIONAL
0.8,0.0005,1.4980226419966427,6.423790840603312,7.851242285337235,PASS_OPERATIONAL
0.8,0.00075,1.4999390112110638,6.4115805723926,7.840127453601782,PASS_OPERATIONAL
0.8,0.001,1.502370802914403,6.396269771159756,7.826366696112734,PASS_OPERATIONAL
0.8,0.00125,1.5053316095548874,6.377836620381977,7.809945845490746,PASS_OPERATIONAL
0.8,0.0015,1.5088382400672626,6.356254581923459,7.790847862934229,PASS_OPERATIONAL
0.8,0.00175,1.5129109663446612,6.331492200411877,7.769052748156059,PASS_OPERATIONAL
0.8,0.002,1.5175738274651722,6.303512866648675,7.7445374320491105,PASS_OPERATIONAL
0.8,0.0022500000000000003,1.5228550003685277,6.272274535770018,7.717275650703472,PASS_OPERATIONAL
0.8,0.0025,1.5287872479455966,6.237729394894558,7.687237799120309,PASS_OPERATIONAL
0.8,0.00275,1.535408458306634,6.199823473829803,7.654390762649229,PASS_OPERATIONAL
0.8,0.003,1.5427622925006341,6.158496191010976,7.6186977238082925,PASS_OPERATIONAL
0.8,0.0032500000000000003,1.5508989623888039,6.113679825150707,7.580117941717229,PASS_OPERATIONAL
0.8,0.0035,1.5598761660270337,6.065298901002268,7.53860650087098,PASS_OPERATIONAL
0.8,0.00375,1.5697602151862613,6.013269475075709,7.4941140253853264,PASS_OPERATIONAL
0.8,0.004,1.580627399084815,5.957498303953919,7.446586354137546,PASS_OPERATIONAL
0.8,0.00425,1.5925656407799371,5.897881873846413,7.3959641713758435,PASS_OPERATIONAL
0.8,0.0045000000000000005,1.6056765190233324,5.834305264940952,7.342182586347847,PASS_OPERATIONAL
0.8,0.00475,1.6200777502165535,5.766640817626163,7.285170654257281,PASS_OPERATIONAL
0.8,0.005,1.6359062545304148,5.694746559295792,7.224850829343728,PASS_OPERATIONAL
0.8,0.00525,1.6533219703448034,5.6184643395621325,7.16113833902155,PASS_OPERATIONAL
0.8,0.0055,1.6725126364060434,5.5376176073994285,7.0939404657174485,PASS_OPERATIONAL
0.8,0.00575,1.6936998381414812,5.452008744727198,7.023155720190036,PASS_OPERATIONAL
0.8,0.006,1.7171467234327773,5.361415845388551,6.948672886537946,PASS_OPERATIONAL
0.8,0.00625,1.7431679491646404,5.265588793695473,6.870369914591079,PASS_OPERATIONAL
0.8,0.006500000000000001,1.7721426469235015,5.164244448724579,6.788112629643733,PASS_OPERATIONAL
0.8,0.00675,1.8045315322657958,5.057060673354979,6.701753222137284,PASS_OPERATIONAL
0.8,0.007,1.8408997885636962,4.943668851427231,6.611128470395896,PASS_OPERATIONAL
0.8,0.00725,1.881948135774139,4.823644397903815,6.516057637116425,PASS_OPERATIONAL
0.8,0.0075,1.928555720682993,4.696494562299642,6.416339963966474,PASS_OPERATIONAL
0.8,0.00775,1.9818404434654253,4.561642516660194,6.311751666864992,PASS_OPERATIONAL
0.8,0.008,2.043245618160929,4.418406241130488,6.202042305163084,PASS_OPERATIONAL
0.8,0.00825,2.114667488244943,4.26596995913695,6.086930357871219,PASS_OPERATIONAL
0.8,0.0085,2.1986481084501537,4.103344624269235,5.9660977846265055,PASS_OPERATIONAL
0.8,0.00875,2.298676609593607,3.9293118319638176,5.839183271198089,PASS_OPERATIONAL
0.8,0.009000000000000001,2.4196778598669035,3.7423417461471695,5.705773748092229,PASS_OPERATIONAL
0.8,0.00925,2.5688417247863735,3.5404685653721537,5.565393609064219,PASS_OPERATIONAL
0.8,0.0095,2.7571100601196985,3.321093042832475,5.417490816353142,PASS_OPERATIONAL
0.8,0.00975,3.002033242235532,3.080651684846264,5.261418715314619,PASS_EXTENDED
0.8,0.01,3.333767263689936,2.8140223383773626,5.096411814532505,PASS_EXTENDED
0.8,0.01025,3.8092626161669303,2.513351507555847,4.921552880431781,PASS_EXTENDED
0.8,0.0105,4.552100264840505,2.1654154702774187,4.73572719538154,OUTSIDE_EXTENDED_RANGE
0.8,0.010750000000000001,5.899188653751125,1.7443471339751861,4.537557253039109,OUTSIDE_EXTENDED_RANGE
0.8,0.011,9.320151016208799,1.182534444132686,4.325306546370335,OUTSIDE_EXTENDED_RANGE
0.8,0.01125,inf,-0.15,4.096732382884801,NO_POSITIVE_BRAKE_BOUND
0.8,0.0115,inf,-0.15,3.8488501387492158,NO_POSITIVE_BRAKE_BOUND
0.8,0.01175,inf,-0.15,3.577533361162767,NO_POSITIVE_BRAKE_BOUND
0.8,0.012,inf,-0.15,3.276783355219554,NO_POSITIVE_BRAKE_BOUND
0.8,0.01225,inf,-0.15,2.937255714030726,NO_POSITIVE_BRAKE_BOUND
0.8,0.0125,inf,-0.15,2.5428345790085753,NO_POSITIVE_BRAKE_BOUND
1.0,0.0,1.3631041314791896,8.08772372442776,9.808745818075577,PASS_OPERATIONAL
1.0,0.00025,1.363590530673076,8.082880195800252,9.804063829468559,PASS_OPERATIONAL
1.0,0.0005,1.364324263261537,8.075584185551808,9.797284029335223,PASS_OPERATIONAL
1.0,0.00075,1.3653077738364887,8.065829159957016,9.788402013624331,PASS_OPERATIONAL
1.0,0.001,1.3665444009107557,8.053606346869648,9.777411994040555,PASS_OPERATIONAL
1.0,0.00125,1.3680384068679545,8.038904695989567,9.764306779071118,PASS_OPERATIONAL
1.0,0.0015,1.369795016512422,8.021710828363911,9.749077750251576,PASS_OPERATIONAL
1.0,0.00175,1.3718204648702874,8.002008974577985,9.731714833486299,PASS_OPERATIONAL
1.0,0.002,1.3741220550621505,7.979780900959138,9.7122064651983,PASS_OPERATIONAL
1.0,0.0022500000000000003,1.3767082272599809,7.955005822971382,9.690539553038713,PASS_OPERATIONAL
1.0,0.0025,1.3795886399619648,7.927660304815992,9.666699430838204,PASS_OPERATIONAL
1.0,0.00275,1.3827742650761303,7.897718144070405,9.640669807429664,PASS_OPERATIONAL
1.0,0.003,1.3862774986057549,7.865150239989267,9.61243270891311,PASS_OPERATIONAL
1.0,0.0032500000000000003,1.3901122890873738,7.8299244438528355,9.581968413868506,PASS_OPERATIONAL
1.0,0.0035,1.3942942863594188,7.792005389471855,9.549255380949337,PASS_OPERATIONAL
1.0,0.00375,1.3988410137527547,7.751354301637156,9.51427016820741,PASS_OPERATIONAL
1.0,0.004,1.4037720674148981,7.70792877992668,9.476987343406197,PASS_OPERATIONAL
1.0,0.00425,1.4091093472344396,7.661682554840537,9.437379384473997,PASS_OPERATIONAL
1.0,0.0045000000000000005,1.4148773247552069,7.61256521271158,9.39541656912696,PASS_OPERATIONAL
1.0,0.00475,1.4211033546050325,7.56052188521633,9.351066852552737,PASS_OPERATIONAL
1.0,0.005,1.4278180373682348,7.505492898566362,9.304295731885196,PASS_OPERATIONAL
1.0,0.00525,1.435055643577717,7.4474133765644215,9.255066096014817,PASS_OPERATIONAL
1.0,0.0055,1.442854610688254,7.386212790626337,9.20333805906383,PASS_OPERATIONAL
1.0,0.00575,1.4512581276439107,7.32181444855264,9.149068775603377,PASS_OPERATIONAL
1.0,0.006,1.4603148251378875,7.254134912223034,9.092212235395692,PASS_OPERATIONAL
1.0,0.00625,1.470079594107437,7.183083332405271,9.032719035097879,PASS_OPERATIONAL
1.0,0.006500000000000001,1.4806145607131085,7.108560686417107,8.97053612395553,PASS_OPERATIONAL
1.0,0.00675,1.4919902534325618,7.030458901323787,8.905606520030293,PASS_OPERATIONAL
1.0,0.007,1.5042870075200143,6.948659841519384,8.83786899292957,PASS_OPERATIONAL
1.0,0.00725,1.517596664725873,6.863034134695195,8.767257708318127,PASS_OPERATIONAL
1.0,0.0075,1.532024642932512,6.773439804028054,8.69370182866499,PASS_OPERATIONAL
1.0,0.00775,1.5476924727903358,6.67972066649874,8.617125063681994,PASS_OPERATIONAL
1.0,0.008,1.564740928749128,6.581704446988147,8.537445162701799,PASS_OPERATIONAL
1.0,0.00825,1.5833339232831052,6.47920054437939,8.454573339770258,PASS_OPERATIONAL
1.0,0.0085,1.6036633903160624,6.371997368168742,8.368413620423205,PASS_OPERATIONAL
1.0,0.00875,1.6259554638829081,6.259859140417984,8.27886209689343,PASS_OPERATIONAL
1.0,0.009000000000000001,1.6504783715294349,6.142522025897088,8.185806075735428,PASS_OPERATIONAL
1.0,0.00925,1.6775526251794208,6.019689409492183,8.089123098413243,PASS_OPERATIONAL
1.0,0.0095,1.707564330762555,5.891026079202109,7.9886798110710515,PASS_OPERATIONAL
1.0,0.00975,1.740982792673551,5.756150987436741,7.884330654230973,PASS_OPERATIONAL
1.0,0.01,1.7783841268956464,5.614628140652266,7.775916336177721,PASS_OPERATIONAL
1.0,0.01025,1.8204834291196248,5.465954988281156,7.663262044805799,PASS_OPERATIONAL
1.0,0.0105,1.8681793635118704,5.309547415088543,7.546175341045898,PASS_OPERATIONAL
1.0,0.010750000000000001,1.9226171841165125,5.144720034298319,7.424443661712472,PASS_OPERATIONAL
1.0,0.011,1.985279797174891,4.97065984248124,7.297831339396611,PASS_OPERATIONAL
1.0,0.01125,2.0581227036706915,4.786390272253604,7.166076019970349,PASS_OPERATIONAL
1.0,0.0115,2.1437798797166843,4.590720972004152,7.028884321620618,PASS_OPERATIONAL
1.0,0.01175,2.245888767506904,4.382175687856772,6.885926529045242,PASS_OPERATIONAL
1.0,0.012,2.369624418673008,4.158885275056647,6.736830046460434,PASS_OPERATIONAL
1.0,0.01225,2.5226211707534034,3.918422652380158,6.581171234152049,PASS_OPERATIONAL
1.0,0.0125,2.7166612065160485,3.6575357069894956,6.418465111085127,PASS_OPERATIONAL
