regime,budget,headway_s,physical_feasible,successes,runs,service_success_fraction,wilson_low,wilson_high,mean_gap_rmse_m,mean_speed_rmse_mps,mean_lateral_rmse_m,mean_jerk_rms_mps3,mean_computation_p95_ms,mean_minimum_safe_margin_m
nominal,0,0.6,False,0,0,,,,,,,,,
nominal,0,0.8,False,0,0,,,,,,,,,
nominal,0,1.0,False,0,0,,,,,,,,,
nominal,0,1.2,False,0,0,,,,,,,,,
nominal,0,1.4,False,0,0,,,,,,,,,
nominal,0,1.6,False,0,0,,,,,,,,,
nominal,0,1.8,True,50,50,1.0,0.9286524008666414,1.0,0.5555955545568666,1.3394742752498405,0.16723710425631402,1.5637108094471739,0.99674499999991,11.540976447957794
nominal,0,2.0,True,16,50,0.32,0.20758216260656845,0.45810297308144077,0.574879063252342,1.4021920409812294,0.16658628548072557,1.5239057291542903,0.982819000000079,17.022341221161426
nominal,0,2.2,True,0,50,0.0,6.938893903907228e-18,0.07134759913335872,0.5877836750791439,1.4565838587917026,0.1659506896412151,1.4881698012559452,0.9854389999999836,22.476391960685973
nominal,0,2.4,True,0,50,0.0,6.938893903907228e-18,0.07134759913335872,0.5957224123743106,1.5039673416341417,0.16532974210170617,1.4560380964792947,0.9614469999998844,27.91775788930293
nominal,0,2.6,True,0,50,0.0,6.938893903907228e-18,0.07134759913335872,0.5998105638000406,1.5455565138014131,0.1647226717184504,1.4270910554585072,0.9758830000000351,33.35099518314849
nominal,1,0.6,False,0,0,,,,,,,,,
nominal,1,0.8,False,0,0,,,,,,,,,
nominal,1,1.0,False,0,0,,,,,,,,,
nominal,1,1.2,False,0,0,,,,,,,,,
nominal,1,1.4,False,0,0,,,,,,,,,
nominal,1,1.6,False,0,0,,,,,,,,,
nominal,1,1.8,True,50,50,1.0,0.9286524008666414,1.0,0.6614485429470045,1.286342255010051,0.16704003515299204,1.969775822244553,0.9969989999999117,11.687538412644553
nominal,1,2.0,True,50,50,1.0,0.9286524008666414,1.0,0.6777173253531378,1.3524996077330147,0.16642037663823772,1.8852933761895354,1.0214730000000305,17.148664998230128
nominal,1,2.2,True,3,50,0.06,0.02061497034897397,0.16217091688838173,0.6873553198805845,1.4110962852424191,0.165800364716217,1.8352482618330554,0.9280419999999268,22.589190876134545
nominal,1,2.4,True,0,50,0.0,6.938893903907228e-18,0.07134759913335872,0.6933757347324095,1.4617897426306015,0.1651998565585737,1.7804103405662974,0.8814279999999997,27.9681823252186
nominal,1,2.6,True,0,50,0.0,6.938893903907228e-18,0.07134759913335872,0.6965045662736911,1.5062770704212054,0.16460868595763412,1.7314681566660945,0.8822609999998576,33.32159158211489
nominal,2,0.6,False,0,0,,,,,,,,,
nominal,2,0.8,False,0,0,,,,,,,,,
nominal,2,1.0,False,0,0,,,,,,,,,
nominal,2,1.2,False,0,0,,,,,,,,,
nominal,2,1.4,False,0,0,,,,,,,,,
nominal,2,1.6,False,0,0,,,,,,,,,
nominal,2,1.8,True,50,50,1.0,0.9286524008666414,1.0,0.6563931787836162,1.2860883032309847,0.16703465434651915,1.9643422367758663,0.8785050000000894,11.84518355013747
nominal,2,2.0,True,50,50,1.0,0.9286524008666414,1.0,0.67335849636594,1.3521291504112247,0.1664113805571842,1.909333315504429,0.8778670000005917,17.28585275509958
nominal,2,2.2,True,3,50,0.06,0.02061497034897397,0.16217091688838173,0.6833266806292876,1.410481967663596,0.16579785743027592,1.8573850518619455,0.8632599999999968,22.67695370861493
nominal,2,2.4,True,0,50,0.0,6.938893903907228e-18,0.07134759913335872,0.6891004231021178,1.461191822817817,0.16519669298519826,1.807323629961281,0.8617820000002041,28.089896441789556
nominal,2,2.6,True,0,50,0.0,6.938893903907228e-18,0.07134759913335872,0.6920988037612781,1.5057331184498954,0.16460532908145936,1.7742983965479542,0.8714169999998944,33.4727179687921
nominal,3,0.6,False,0,0,,,,,,,,,
nominal,3,0.8,False,0,0,,,,,,,,,
nominal,3,1.0,False,0,0,,,,,,,,,
nominal,3,1.2,False,0,0,,,,,,,,,
nominal,3,1.4,False,0,0,,,,,,,,,
nominal,3,1.6,False,0,0,,,,,,,,,
nominal,3,1.8,True,50,50,1.0,0.9286524008666414,1.0,0.6555802843026305,1.2855091102434266,0.16703493558792132,1.8967912471135835,0.9690599999996863,11.93501440967743
nominal,3,2.0,True,50,50,1.0,0.9286524008666414,1.0,0.6715131310698935,1.3521927624115484,0.16641188267192297,1.8412757476701478,0.9935090000007563,17.3539440132798
nominal,3,2.2,True,7,50,0.14,0.06950833427016294,0.2618619371058554,0.6821192176769665,1.4101425086204034,0.16579805350132062,1.7980079395665316,0.9699649999997462,22.73313326829598
nominal,3,2.4,True,0,50,0.0,6.938893903907228e-18,0.07134759913335872,0.688078081228073,1.4609942473332922,0.16519649174519002,1.7575356072429613,1.0247969999992534,28.13374496817174
nominal,3,2.6,True,0,50,0.0,6.938893903907228e-18,0.07134759913335872,0.6906115263960806,1.5058892826227812,0.16460607243768027,1.719385163960158,1.0144100000007938,33.526699718094676
moderate,0,0.6,False,0,0,,,,,,,,,
moderate,0,0.8,False,0,0,,,,,,,,,
moderate,0,1.0,False,0,0,,,,,,,,,
moderate,0,1.2,False,0,0,,,,,,,,,
moderate,0,1.4,False,0,0,,,,,,,,,
moderate,0,1.6,False,0,0,,,,,,,,,
moderate,0,1.8,True,50,50,1.0,0.9286524008666414,1.0,0.5555955545568666,1.3394742752498405,0.16723710425631402,1.5637108094471739,1.0295299999994256,11.540976447957794
moderate,0,2.0,True,16,50,0.32,0.20758216260656845,0.45810297308144077,0.574879063252342,1.4021920409812294,0.16658628548072557,1.5239057291542903,0.9928930000000946,17.022341221161426
moderate,0,2.2,True,0,50,0.0,6.938893903907228e-18,0.07134759913335872,0.5877836750791439,1.4565838587917026,0.1659506896412151,1.4881698012559452,0.9682720000002121,22.476391960685973
moderate,0,2.4,True,0,50,0.0,6.938893903907228e-18,0.07134759913335872,0.5957224123743106,1.5039673416341417,0.16532974210170617,1.4560380964792947,0.9537799999985452,27.91775788930293
moderate,0,2.6,True,0,50,0.0,6.938893903907228e-18,0.07134759913335872,0.5998105638000406,1.5455565138014131,0.1647226717184504,1.4270910554585072,0.981979000000166,33.35099518314849
moderate,1,0.6,False,0,0,,,,,,,,,
moderate,1,0.8,False,0,0,,,,,,,,,
moderate,1,1.0,False,0,0,,,,,,,,,
moderate,1,1.2,False,0,0,,,,,,,,,
moderate,1,1.4,False,0,0,,,,,,,,,
moderate,1,1.6,False,0,0,,,,,,,,,
moderate,1,1.8,True,50,50,1.0,0.9286524008666414,1.0,0.6497524252737575,1.293857431495052,0.1670735965258011,1.8538269896707833,0.9606590000002768,11.549745767983119
moderate,1,2.0,True,50,50,1.0,0.9286524008666414,1.0,0.6671391470880994,1.3579804337595198,0.16644633775603565,1.7907888719953493,0.9590869999995277,17.041887993061877
moderate,1,2.2,True,2,50,0.04,0.011038884327619805,0.1346009068750702,0.677864554579118,1.4163546867334742,0.16582635284559644,1.7549367081568215,0.9688470000006077,22.49007109397618
moderate,1,2.4,True,0,50,0.0,6.938893903907228e-18,0.07134759913335872,0.6843761145332563,1.466646068074329,0.165217501866987,1.7004932374552622,0.9739900000003843,27.935543730642586
moderate,1,2.6,True,0,50,0.0,6.938893903907228e-18,0.07134759913335872,0.6889996205356661,1.5098880999643698,0.1646266414256889,1.6575247836060174,1.100971000001607,33.24083224313683
moderate,2,0.6,False,0,0,,,,,,,,,
moderate,2,0.8,False,0,0,,,,,,,,,
moderate,2,1.0,False,0,0,,,,,,,,,
moderate,2,1.2,False,0,0,,,,,,,,,
moderate,2,1.4,False,0,0,,,,,,,,,
moderate,2,1.6,False,0,0,,,,,,,,,
moderate,2,1.8,True,50,50,1.0,0.9286524008666414,1.0,0.6601945392858252,1.2850296855412113,0.1670431743369379,1.9160306616996183,0.9593119999996702,11.735603606859392
moderate,2,2.0,True,50,50,1.0,0.9286524008666414,1.0,0.6769700090422609,1.3518151367500513,0.16642003534670466,1.8636749371945274,0.9583879999992462,17.17195182403456
moderate,2,2.2,True,7,50,0.14,0.06950833427016294,0.2618619371058554,0.6869105402604143,1.4100104673983642,0.16580714196998086,1.8059604701328242,0.9631390000011208,22.565861592145758
moderate,2,2.4,True,0,50,0.0,6.938893903907228e-18,0.07134759913335872,0.692792644921858,1.4609078540866118,0.16520251478527065,1.7643809550462008,0.9356670000005352,27.98980300475967
moderate,2,2.6,True,0,50,0.0,6.938893903907228e-18,0.07134759913335872,0.6960107354394677,1.5052439108496838,0.16461279655388053,1.714090898806944,0.9241020000017386,33.35973810941533
moderate,3,0.6,False,0,0,,,,,,,,,
moderate,3,0.8,False,0,0,,,,,,,,,
moderate,3,1.0,False,0,0,,,,,,,,,
moderate,3,1.2,False,0,0,,,,,,,,,
moderate,3,1.4,False,0,0,,,,,,,,,
moderate,3,1.6,False,0,0,,,,,,,,,
moderate,3,1.8,True,50,50,1.0,0.9286524008666414,1.0,0.6586694164909475,1.2844334448898918,0.1670440307924383,1.9123258136361598,0.9559549999995909,11.823505424577716
moderate,3,2.0,True,50,50,1.0,0.9286524008666414,1.0,0.6748923247870409,1.3514673997972872,0.16641813594508537,1.8559661067910103,0.8131069999996043,17.21549376650906
moderate,3,2.2,True,6,50,0.12,0.05617600150932274,0.23804817383202992,0.6853520637001208,1.4093527991433452,0.16580539330599633,1.8092887433277167,0.4626159999997981,22.638590130487202
moderate,3,2.4,True,0,50,0.0,6.938893903907228e-18,0.07134759913335872,0.6911346008102919,1.4605230895291652,0.16520089167022747,1.7683793558964027,0.45581900000058795,28.05120004633279
moderate,3,2.6,True,0,50,0.0,6.938893903907228e-18,0.07134759913335872,0.6938922153401788,1.5054303068338641,0.16461112593186553,1.7286386803791138,0.45633699999967803,33.435453648309675
severe,0,0.6,False,0,0,,,,,,,,,
severe,0,0.8,False,0,0,,,,,,,,,
severe,0,1.0,False,0,0,,,,,,,,,
severe,0,1.2,False,0,0,,,,,,,,,
severe,0,1.4,False,0,0,,,,,,,,,
severe,0,1.6,False,0,0,,,,,,,,,
severe,0,1.8,True,50,50,1.0,0.9286524008666414,1.0,0.5555955545568666,1.3394742752498405,0.16723710425631402,1.5637108094471739,0.4575960000016721,11.540976447957794
severe,0,2.0,True,16,50,0.32,0.20758216260656845,0.45810297308144077,0.574879063252342,1.4021920409812294,0.16658628548072557,1.5239057291542903,0.4593139999994378,17.022341221161426
severe,0,2.2,True,0,50,0.0,6.938893903907228e-18,0.07134759913335872,0.5877836750791439,1.4565838587917026,0.1659506896412151,1.4881698012559452,0.45215599999835376,22.476391960685973
severe,0,2.4,True,0,50,0.0,6.938893903907228e-18,0.07134759913335872,0.5957224123743106,1.5039673416341417,0.16532974210170617,1.4560380964792947,0.4610520000014162,27.91775788930293
severe,0,2.6,True,0,50,0.0,6.938893903907228e-18,0.07134759913335872,0.5998105638000406,1.5455565138014131,0.1647226717184504,1.4270910554585072,0.47218999999955713,33.35099518314849
severe,1,0.6,False,0,0,,,,,,,,,
severe,1,0.8,False,0,0,,,,,,,,,
severe,1,1.0,False,0,0,,,,,,,,,
severe,1,1.2,False,0,0,,,,,,,,,
severe,1,1.4,False,0,0,,,,,,,,,
severe,1,1.6,False,0,0,,,,,,,,,
severe,1,1.8,True,50,50,1.0,0.9286524008666414,1.0,0.5694945599911191,1.3327352584166354,0.16721085713648193,1.5924565497677705,0.46977499999769634,11.530579789732672
severe,1,2.0,True,34,50,0.68,0.5418970269185592,0.7924178373934316,0.5881981905419011,1.3960434072017334,0.16656252821491485,1.5519994786649451,0.48153000000183965,17.045423666760154
severe,1,2.2,True,0,50,0.0,6.938893903907228e-18,0.07134759913335872,0.6010371790036254,1.4507681391956575,0.16592885995487563,1.5183980165071276,0.46963599999799044,22.500633054328073
severe,1,2.4,True,0,50,0.0,6.938893903907228e-18,0.07134759913335872,0.6083526781747721,1.4988508364962128,0.1653107068403692,1.4845297834403803,0.4789969999984578,27.930930153707017
severe,1,2.6,True,0,50,0.0,6.938893903907228e-18,0.07134759913335872,0.612311185138985,1.5406518688010293,0.1647066052609826,1.4519541611613824,0.4831409999985681,33.33571149482421
severe,2,0.6,False,0,0,,,,,,,,,
severe,2,0.8,False,0,0,,,,,,,,,
severe,2,1.0,False,0,0,,,,,,,,,
severe,2,1.2,False,0,0,,,,,,,,,
severe,2,1.4,False,0,0,,,,,,,,,
severe,2,1.6,False,0,0,,,,,,,,,
severe,2,1.8,True,50,50,1.0,0.9286524008666414,1.0,0.5792527131511533,1.3277287903771486,0.16719383901578297,1.6181998015963495,0.4751959999990163,11.541005717937106
severe,2,2.0,True,43,50,0.86,0.7381380628941446,0.9304916657298371,0.5974890443352374,1.3916256754528507,0.16654624162638565,1.575019788298916,0.5120090000005462,17.043896939363332
severe,2,2.2,True,0,50,0.0,6.938893903907228e-18,0.07134759913335872,0.6095257973715589,1.446861859868784,0.16591407406977488,1.5383623866804472,0.5305720000009728,22.48677786223275
severe,2,2.4,True,0,50,0.0,6.938893903907228e-18,0.07134759913335872,0.6163928738513215,1.495225966209844,0.1652978988982553,1.5057153248651083,0.541706999999576,27.899645146910704
severe,2,2.6,True,0,50,0.0,6.938893903907228e-18,0.07134759913335872,0.6203040934478922,1.5373772408686808,0.16469652891605446,1.4741807509765446,0.5331189999992603,33.32140713009467
severe,3,0.6,False,0,0,,,,,,,,,
severe,3,0.8,False,0,0,,,,,,,,,
severe,3,1.0,False,0,0,,,,,,,,,
severe,3,1.2,False,0,0,,,,,,,,,
severe,3,1.4,False,0,0,,,,,,,,,
severe,3,1.6,False,0,0,,,,,,,,,
severe,3,1.8,True,50,50,1.0,0.9286524008666414,1.0,0.5954962312369525,1.3188775539230304,0.16717349963880676,1.6643816672121037,0.5325369999997065,11.542850441795945
severe,3,2.0,True,48,50,0.96,0.8653990931249297,0.9889611156723802,0.6127791175108765,1.383670109926383,0.1665302400100741,1.620866620318495,0.5442139999996698,17.02903232647752
severe,3,2.2,True,0,50,0.0,6.938893903907228e-18,0.07134759913335872,0.6245561085822297,1.4395966014863015,0.16590164681142205,1.5781104117179319,0.5373709999989273,22.48034054383215
severe,3,2.4,True,0,50,0.0,6.938893903907228e-18,0.07134759913335872,0.631356006460989,1.4885523552050668,0.1652877808803257,1.5459410650874117,0.5509869999974626,27.893104302973907
severe,3,2.6,True,0,50,0.0,6.938893903907228e-18,0.07134759913335872,0.6346664529600587,1.531561226971802,0.16468591127506763,1.5129635541634272,0.9112080000016931,33.29098990507231
