threshold_scale,regime,budget,headway_s,successes,runs,service_success_fraction,wilson_low,wilson_high
0.9,moderate,0,1.8,0,50,0.0,6.938893903907228e-18,0.07134759913335872
0.9,moderate,0,2.0,0,50,0.0,6.938893903907228e-18,0.07134759913335872
0.9,moderate,0,2.2,0,50,0.0,6.938893903907228e-18,0.07134759913335872
0.9,moderate,0,2.4,0,50,0.0,6.938893903907228e-18,0.07134759913335872
0.9,moderate,0,2.6,0,50,0.0,6.938893903907228e-18,0.07134759913335872
0.9,moderate,1,1.8,0,50,0.0,6.938893903907228e-18,0.07134759913335872
0.9,moderate,1,2.0,0,50,0.0,6.938893903907228e-18,0.07134759913335872
0.9,moderate,1,2.2,0,50,0.0,6.938893903907228e-18,0.07134759913335872
0.9,moderate,1,2.4,0,50,0.0,6.938893903907228e-18,0.07134759913335872
0.9,moderate,1,2.6,0,50,0.0,6.938893903907228e-18,0.07134759913335872
0.9,moderate,2,1.8,0,50,0.0,6.938893903907228e-18,0.07134759913335872
0.9,moderate,2,2.0,0,50,0.0,6.938893903907228e-18,0.07134759913335872
0.9,moderate,2,2.2,0,50,0.0,6.938893903907228e-18,0.07134759913335872
0.9,moderate,2,2.4,0,50,0.0,6.938893903907228e-18,0.07134759913335872
0.9,moderate,2,2.6,0,50,0.0,6.938893903907228e-18,0.07134759913335872
0.9,moderate,3,1.8,0,50,0.0,6.938893903907228e-18,0.07134759913335872
0.9,moderate,3,2.0,0,50,0.0,6.938893903907228e-18,0.07134759913335872
0.9,moderate,3,2.2,0,50,0.0,6.938893903907228e-18,0.07134759913335872
0.9,moderate,3,2.4,0,50,0.0,6.938893903907228e-18,0.07134759913335872
0.9,moderate,3,2.6,0,50,0.0,6.938893903907228e-18,0.07134759913335872
0.9,nominal,0,1.8,0,50,0.0,6.938893903907228e-18,0.07134759913335872
0.9,nominal,0,2.0,0,50,0.0,6.938893903907228e-18,0.07134759913335872
0.9,nominal,0,2.2,0,50,0.0,6.938893903907228e-18,0.07134759913335872
0.9,nominal,0,2.4,0,50,0.0,6.938893903907228e-18,0.07134759913335872
0.9,nominal,0,2.6,0,50,0.0,6.938893903907228e-18,0.07134759913335872
0.9,nominal,1,1.8,0,50,0.0,6.938893903907228e-18,0.07134759913335872
0.9,nominal,1,2.0,0,50,0.0,6.938893903907228e-18,0.07134759913335872
0.9,nominal,1,2.2,0,50,0.0,6.938893903907228e-18,0.07134759913335872
0.9,nominal,1,2.4,0,50,0.0,6.938893903907228e-18,0.07134759913335872
0.9,nominal,1,2.6,0,50,0.0,6.938893903907228e-18,0.07134759913335872
0.9,nominal,2,1.8,0,50,0.0,6.938893903907228e-18,0.07134759913335872
0.9,nominal,2,2.0,0,50,0.0,6.938893903907228e-18,0.07134759913335872
0.9,nominal,2,2.2,0,50,0.0,6.938893903907228e-18,0.07134759913335872
0.9,nominal,2,2.4,0,50,0.0,6.938893903907228e-18,0.07134759913335872
0.9,nominal,2,2.6,0,50,0.0,6.938893903907228e-18,0.07134759913335872
0.9,nominal,3,1.8,0,50,0.0,6.938893903907228e-18,0.07134759913335872
0.9,nominal,3,2.0,0,50,0.0,6.938893903907228e-18,0.07134759913335872
0.9,nominal,3,2.2,0,50,0.0,6.938893903907228e-18,0.07134759913335872
0.9,nominal,3,2.4,0,50,0.0,6.938893903907228e-18,0.07134759913335872
0.9,nominal,3,2.6,0,50,0.0,6.938893903907228e-18,0.07134759913335872
0.9,severe,0,1.8,0,50,0.0,6.938893903907228e-18,0.07134759913335872
0.9,severe,0,2.0,0,50,0.0,6.938893903907228e-18,0.07134759913335872
0.9,severe,0,2.2,0,50,0.0,6.938893903907228e-18,0.07134759913335872
0.9,severe,0,2.4,0,50,0.0,6.938893903907228e-18,0.07134759913335872
0.9,severe,0,2.6,0,50,0.0,6.938893903907228e-18,0.07134759913335872
0.9,severe,1,1.8,0,50,0.0,6.938893903907228e-18,0.07134759913335872
0.9,severe,1,2.0,0,50,0.0,6.938893903907228e-18,0.07134759913335872
0.9,severe,1,2.2,0,50,0.0,6.938893903907228e-18,0.07134759913335872
0.9,severe,1,2.4,0,50,0.0,6.938893903907228e-18,0.07134759913335872
0.9,severe,1,2.6,0,50,0.0,6.938893903907228e-18,0.07134759913335872
0.9,severe,2,1.8,0,50,0.0,6.938893903907228e-18,0.07134759913335872
0.9,severe,2,2.0,0,50,0.0,6.938893903907228e-18,0.07134759913335872
0.9,severe,2,2.2,0,50,0.0,6.938893903907228e-18,0.07134759913335872
0.9,severe,2,2.4,0,50,0.0,6.938893903907228e-18,0.07134759913335872
0.9,severe,2,2.6,0,50,0.0,6.938893903907228e-18,0.07134759913335872
0.9,severe,3,1.8,0,50,0.0,6.938893903907228e-18,0.07134759913335872
0.9,severe,3,2.0,0,50,0.0,6.938893903907228e-18,0.07134759913335872
0.9,severe,3,2.2,0,50,0.0,6.938893903907228e-18,0.07134759913335872
0.9,severe,3,2.4,0,50,0.0,6.938893903907228e-18,0.07134759913335872
0.9,severe,3,2.6,0,50,0.0,6.938893903907228e-18,0.07134759913335872
1.0,moderate,0,1.8,50,50,1.0,0.9286524008666414,1.0
1.0,moderate,0,2.0,16,50,0.32,0.20758216260656845,0.45810297308144077
1.0,moderate,0,2.2,0,50,0.0,6.938893903907228e-18,0.07134759913335872
1.0,moderate,0,2.4,0,50,0.0,6.938893903907228e-18,0.07134759913335872
1.0,moderate,0,2.6,0,50,0.0,6.938893903907228e-18,0.07134759913335872
1.0,moderate,1,1.8,50,50,1.0,0.9286524008666414,1.0
1.0,moderate,1,2.0,50,50,1.0,0.9286524008666414,1.0
1.0,moderate,1,2.2,2,50,0.04,0.011038884327619805,0.1346009068750702
1.0,moderate,1,2.4,0,50,0.0,6.938893903907228e-18,0.07134759913335872
1.0,moderate,1,2.6,0,50,0.0,6.938893903907228e-18,0.07134759913335872
1.0,moderate,2,1.8,50,50,1.0,0.9286524008666414,1.0
1.0,moderate,2,2.0,50,50,1.0,0.9286524008666414,1.0
1.0,moderate,2,2.2,7,50,0.14,0.06950833427016294,0.2618619371058554
1.0,moderate,2,2.4,0,50,0.0,6.938893903907228e-18,0.07134759913335872
1.0,moderate,2,2.6,0,50,0.0,6.938893903907228e-18,0.07134759913335872
1.0,moderate,3,1.8,50,50,1.0,0.9286524008666414,1.0
1.0,moderate,3,2.0,50,50,1.0,0.9286524008666414,1.0
1.0,moderate,3,2.2,6,50,0.12,0.05617600150932274,0.23804817383202992
1.0,moderate,3,2.4,0,50,0.0,6.938893903907228e-18,0.07134759913335872
1.0,moderate,3,2.6,0,50,0.0,6.938893903907228e-18,0.07134759913335872
1.0,nominal,0,1.8,50,50,1.0,0.9286524008666414,1.0
1.0,nominal,0,2.0,16,50,0.32,0.20758216260656845,0.45810297308144077
1.0,nominal,0,2.2,0,50,0.0,6.938893903907228e-18,0.07134759913335872
1.0,nominal,0,2.4,0,50,0.0,6.938893903907228e-18,0.07134759913335872
1.0,nominal,0,2.6,0,50,0.0,6.938893903907228e-18,0.07134759913335872
1.0,nominal,1,1.8,50,50,1.0,0.9286524008666414,1.0
1.0,nominal,1,2.0,50,50,1.0,0.9286524008666414,1.0
1.0,nominal,1,2.2,3,50,0.06,0.02061497034897397,0.16217091688838173
1.0,nominal,1,2.4,0,50,0.0,6.938893903907228e-18,0.07134759913335872
1.0,nominal,1,2.6,0,50,0.0,6.938893903907228e-18,0.07134759913335872
1.0,nominal,2,1.8,50,50,1.0,0.9286524008666414,1.0
1.0,nominal,2,2.0,50,50,1.0,0.9286524008666414,1.0
1.0,nominal,2,2.2,3,50,0.06,0.02061497034897397,0.16217091688838173
1.0,nominal,2,2.4,0,50,0.0,6.938893903907228e-18,0.07134759913335872
1.0,nominal,2,2.6,0,50,0.0,6.938893903907228e-18,0.07134759913335872
1.0,nominal,3,1.8,50,50,1.0,0.9286524008666414,1.0
1.0,nominal,3,2.0,50,50,1.0,0.9286524008666414,1.0
1.0,nominal,3,2.2,7,50,0.14,0.06950833427016294,0.2618619371058554
1.0,nominal,3,2.4,0,50,0.0,6.938893903907228e-18,0.07134759913335872
1.0,nominal,3,2.6,0,50,0.0,6.938893903907228e-18,0.07134759913335872
1.0,severe,0,1.8,50,50,1.0,0.9286524008666414,1.0
1.0,severe,0,2.0,16,50,0.32,0.20758216260656845,0.45810297308144077
1.0,severe,0,2.2,0,50,0.0,6.938893903907228e-18,0.07134759913335872
1.0,severe,0,2.4,0,50,0.0,6.938893903907228e-18,0.07134759913335872
1.0,severe,0,2.6,0,50,0.0,6.938893903907228e-18,0.07134759913335872
1.0,severe,1,1.8,50,50,1.0,0.9286524008666414,1.0
1.0,severe,1,2.0,34,50,0.68,0.5418970269185592,0.7924178373934316
1.0,severe,1,2.2,0,50,0.0,6.938893903907228e-18,0.07134759913335872
1.0,severe,1,2.4,0,50,0.0,6.938893903907228e-18,0.07134759913335872
1.0,severe,1,2.6,0,50,0.0,6.938893903907228e-18,0.07134759913335872
1.0,severe,2,1.8,50,50,1.0,0.9286524008666414,1.0
1.0,severe,2,2.0,43,50,0.86,0.7381380628941446,0.9304916657298371
1.0,severe,2,2.2,0,50,0.0,6.938893903907228e-18,0.07134759913335872
1.0,severe,2,2.4,0,50,0.0,6.938893903907228e-18,0.07134759913335872
1.0,severe,2,2.6,0,50,0.0,6.938893903907228e-18,0.07134759913335872
1.0,severe,3,1.8,50,50,1.0,0.9286524008666414,1.0
1.0,severe,3,2.0,48,50,0.96,0.8653990931249297,0.9889611156723802
1.0,severe,3,2.2,0,50,0.0,6.938893903907228e-18,0.07134759913335872
1.0,severe,3,2.4,0,50,0.0,6.938893903907228e-18,0.07134759913335872
1.0,severe,3,2.6,0,50,0.0,6.938893903907228e-18,0.07134759913335872
1.1,moderate,0,1.8,50,50,1.0,0.9286524008666414,1.0
1.1,moderate,0,2.0,50,50,1.0,0.9286524008666414,1.0
1.1,moderate,0,2.2,50,50,1.0,0.9286524008666414,1.0
1.1,moderate,0,2.4,50,50,1.0,0.9286524008666414,1.0
1.1,moderate,0,2.6,11,50,0.22,0.1275391597021442,0.3524154958125367
1.1,moderate,1,1.8,50,50,1.0,0.9286524008666414,1.0
1.1,moderate,1,2.0,50,50,1.0,0.9286524008666414,1.0
1.1,moderate,1,2.2,50,50,1.0,0.9286524008666414,1.0
1.1,moderate,1,2.4,50,50,1.0,0.9286524008666414,1.0
1.1,moderate,1,2.6,50,50,1.0,0.9286524008666414,1.0
1.1,moderate,2,1.8,50,50,1.0,0.9286524008666414,1.0
1.1,moderate,2,2.0,50,50,1.0,0.9286524008666414,1.0
1.1,moderate,2,2.2,50,50,1.0,0.9286524008666414,1.0
1.1,moderate,2,2.4,50,50,1.0,0.9286524008666414,1.0
1.1,moderate,2,2.6,50,50,1.0,0.9286524008666414,1.0
1.1,moderate,3,1.8,50,50,1.0,0.9286524008666414,1.0
1.1,moderate,3,2.0,50,50,1.0,0.9286524008666414,1.0
1.1,moderate,3,2.2,50,50,1.0,0.9286524008666414,1.0
1.1,moderate,3,2.4,50,50,1.0,0.9286524008666414,1.0
1.1,moderate,3,2.6,50,50,1.0,0.9286524008666414,1.0
1.1,nominal,0,1.8,50,50,1.0,0.9286524008666414,1.0
1.1,nominal,0,2.0,50,50,1.0,0.9286524008666414,1.0
1.1,nominal,0,2.2,50,50,1.0,0.9286524008666414,1.0
1.1,nominal,0,2.4,50,50,1.0,0.9286524008666414,1.0
1.1,nominal,0,2.6,11,50,0.22,0.1275391597021442,0.3524154958125367
1.1,nominal,1,1.8,50,50,1.0,0.9286524008666414,1.0
1.1,nominal,1,2.0,50,50,1.0,0.9286524008666414,1.0
1.1,nominal,1,2.2,50,50,1.0,0.9286524008666414,1.0
1.1,nominal,1,2.4,50,50,1.0,0.9286524008666414,1.0
1.1,nominal,1,2.6,50,50,1.0,0.9286524008666414,1.0
1.1,nominal,2,1.8,50,50,1.0,0.9286524008666414,1.0
1.1,nominal,2,2.0,50,50,1.0,0.9286524008666414,1.0
1.1,nominal,2,2.2,50,50,1.0,0.9286524008666414,1.0
1.1,nominal,2,2.4,50,50,1.0,0.9286524008666414,1.0
1.1,nominal,2,2.6,50,50,1.0,0.9286524008666414,1.0
1.1,nominal,3,1.8,50,50,1.0,0.9286524008666414,1.0
1.1,nominal,3,2.0,50,50,1.0,0.9286524008666414,1.0
1.1,nominal,3,2.2,50,50,1.0,0.9286524008666414,1.0
1.1,nominal,3,2.4,50,50,1.0,0.9286524008666414,1.0
1.1,nominal,3,2.6,50,50,1.0,0.9286524008666414,1.0
1.1,severe,0,1.8,50,50,1.0,0.9286524008666414,1.0
1.1,severe,0,2.0,50,50,1.0,0.9286524008666414,1.0
1.1,severe,0,2.2,50,50,1.0,0.9286524008666414,1.0
1.1,severe,0,2.4,50,50,1.0,0.9286524008666414,1.0
1.1,severe,0,2.6,11,50,0.22,0.1275391597021442,0.3524154958125367
1.1,severe,1,1.8,50,50,1.0,0.9286524008666414,1.0
1.1,severe,1,2.0,50,50,1.0,0.9286524008666414,1.0
1.1,severe,1,2.2,50,50,1.0,0.9286524008666414,1.0
1.1,severe,1,2.4,50,50,1.0,0.9286524008666414,1.0
1.1,severe,1,2.6,21,50,0.42,0.2937500335471198,0.5576655823142176
1.1,severe,2,1.8,50,50,1.0,0.9286524008666414,1.0
1.1,severe,2,2.0,50,50,1.0,0.9286524008666414,1.0
1.1,severe,2,2.2,50,50,1.0,0.9286524008666414,1.0
1.1,severe,2,2.4,50,50,1.0,0.9286524008666414,1.0
1.1,severe,2,2.6,30,50,0.6,0.4618143774758936,0.7239161026974346
1.1,severe,3,1.8,50,50,1.0,0.9286524008666414,1.0
1.1,severe,3,2.0,50,50,1.0,0.9286524008666414,1.0
1.1,severe,3,2.2,50,50,1.0,0.9286524008666414,1.0
1.1,severe,3,2.4,50,50,1.0,0.9286524008666414,1.0
1.1,severe,3,2.6,42,50,0.84,0.7148578393696501,0.916625793219666
